{"country_code":"BO","name":"Bolivia","timezones":["America\/La_Paz"],"location":{"lat":-17,"lng":-65},"google_calendar":[{"locale":"en","calendar":"en.bo#holiday@group.v.calendar.google.com","years":[{"year":2019,"holidays":[{"date":"2019-01-01","name":"New Year's Day"},{"date":"2019-01-22","name":"Plurinational State Foundation Day"},{"date":"2019-02-02","name":"Feast of Candelaria"},{"date":"2019-03-19","name":"Father Day"},{"date":"2019-04-18","name":"Maundy Thursday"},{"date":"2019-04-19","name":"Good Friday"},{"date":"2019-05-01","name":"Labor Day \/ May Day"},{"date":"2019-05-27","name":"Mother's Day"},{"date":"2019-06-20","name":"Corpus Christi"},{"date":"2019-08-06","name":"Independence Day"},{"date":"2019-08-17","name":"Flag Day"},{"date":"2019-11-02","name":"All Saints Day"},{"date":"2019-12-25","name":"Christmas Day"},{"date":"2019-01-06","name":"Epiphany"},{"date":"2019-03-04","name":"Carnival \/ Shrove Monday"},{"date":"2019-03-05","name":"Carnival \/ Shrove Tuesday"},{"date":"2019-06-21","name":"Aymara New Year Day"},{"date":"2019-04-12","name":"Children's Day"},{"date":"2019-10-12","name":"Indigenous Resistance's Day"},{"date":"2019-03-23","name":"Day of the Sea"}]},{"year":2020,"holidays":[{"date":"2020-01-01","name":"New Year's Day"},{"date":"2020-01-22","name":"Plurinational State Foundation Day"},{"date":"2020-02-02","name":"Feast of Candelaria"},{"date":"2020-03-19","name":"Father Day"},{"date":"2020-04-09","name":"Maundy Thursday"},{"date":"2020-04-10","name":"Good Friday"},{"date":"2020-05-01","name":"Labor Day \/ May Day"},{"date":"2020-05-27","name":"Mother's Day"},{"date":"2020-06-11","name":"Corpus Christi"},{"date":"2020-08-06","name":"Independence Day"},{"date":"2020-08-17","name":"Flag Day"},{"date":"2020-11-02","name":"All Saints Day"},{"date":"2020-12-25","name":"Christmas Day"},{"date":"2020-01-06","name":"Epiphany"},{"date":"2020-02-24","name":"Carnival \/ Shrove Monday"},{"date":"2020-02-25","name":"Carnival \/ Shrove Tuesday"},{"date":"2020-06-21","name":"Aymara New Year Day"},{"date":"2020-04-12","name":"Children's Day"},{"date":"2020-10-12","name":"Indigenous Resistance's Day"},{"date":"2020-03-23","name":"Day of the Sea"},{"date":"2020-06-22","name":"Day off for Aymara New Year Day"}]},{"year":2021,"holidays":[{"date":"2021-01-01","name":"New Year's Day"},{"date":"2021-01-22","name":"Plurinational State Foundation Day"},{"date":"2021-02-02","name":"Feast of Candelaria"},{"date":"2021-03-19","name":"Father Day"},{"date":"2021-04-01","name":"Maundy Thursday"},{"date":"2021-04-02","name":"Good Friday"},{"date":"2021-05-01","name":"Labor Day \/ May Day"},{"date":"2021-05-27","name":"Mother's Day"},{"date":"2021-06-03","name":"Corpus Christi"},{"date":"2021-08-06","name":"Independence Day"},{"date":"2021-08-17","name":"Flag Day"},{"date":"2021-11-02","name":"All Saints Day"},{"date":"2021-12-25","name":"Christmas Day"},{"date":"2021-01-06","name":"Epiphany"},{"date":"2021-02-15","name":"Carnival \/ Shrove Monday"},{"date":"2021-02-16","name":"Carnival \/ Shrove Tuesday"},{"date":"2021-06-21","name":"Aymara New Year Day"},{"date":"2021-04-12","name":"Children's Day"},{"date":"2021-10-12","name":"Indigenous Resistance's Day"},{"date":"2021-03-23","name":"Day of the Sea"}]}]}]}