{"country_code":"CA","name":"Canada","timezones":["America\/St_Johns","America\/Halifax","America\/Glace_Bay","America\/Moncton","America\/Goose_Bay","America\/Blanc-Sablon","America\/Toronto","America\/Nipigon","America\/Thunder_Bay","America\/Iqaluit","America\/Pangnirtung","America\/Atikokan","America\/Winnipeg","America\/Rainy_River","America\/Resolute","America\/Rankin_Inlet","America\/Regina","America\/Swift_Current","America\/Edmonton","America\/Cambridge_Bay","America\/Yellowknife","America\/Inuvik","America\/Creston","America\/Dawson_Creek","America\/Fort_Nelson","America\/Vancouver","America\/Whitehorse","America\/Dawson"],"location":{"lat":60,"lng":-95},"google_calendar":[{"locale":"en","calendar":"en.canadian#holiday@group.v.calendar.google.com","years":[{"year":2019,"holidays":[{"date":"2019-01-01","name":"New Year's Day"},{"date":"2019-01-06","name":"Epiphany"},{"date":"2019-02-02","name":"Groundhog Day"},{"date":"2019-02-14","name":"Valentine's Day"},{"date":"2019-03-10","name":"Daylight Saving Time starts"},{"date":"2019-03-11","name":"Commonwealth Day"},{"date":"2019-03-17","name":"St. Patrick's Day"},{"date":"2019-04-06","name":"National Tartan Day"},{"date":"2019-04-09","name":"Vimy Ridge Day"},{"date":"2019-04-19","name":"Good Friday"},{"date":"2019-05-12","name":"Mother's Day"},{"date":"2019-06-16","name":"Father's Day"},{"date":"2019-07-01","name":"Canada Day"},{"date":"2019-09-02","name":"Labour Day"},{"date":"2019-10-31","name":"Halloween"},{"date":"2019-11-03","name":"Daylight Saving Time ends"},{"date":"2019-12-11","name":"Anniversary of the Statute of Westminster"},{"date":"2019-12-24","name":"Christmas Eve"},{"date":"2019-12-31","name":"New Year's Eve"},{"date":"2019-02-18","name":"Islander Day (Prince Edward Island)"},{"date":"2019-05-20","name":"Victoria Day (regional holiday)"},{"date":"2019-07-09","name":"Nunavut Day (Nunavut)"},{"date":"2019-08-05","name":"New Brunswick Day (New Brunswick)"},{"date":"2019-08-07","name":"The Royal St John's Regatta (Regatta Day) (Newfoundland and Labrador)"},{"date":"2019-02-18","name":"Nova Scotia Heritage Day (Nova Scotia)"},{"date":"2019-03-18","name":"St. Patrick's Day (Newfoundland and Labrador)"},{"date":"2019-06-24","name":"St. Jean Baptiste Day (Quebec)"},{"date":"2019-06-24","name":"Discovery Day (Newfoundland and Labrador)"},{"date":"2019-08-05","name":"Civic\/Provincial Day (regional holiday)"},{"date":"2019-08-05","name":"Saskatchewan Day (Saskatchewan)"},{"date":"2019-02-18","name":"Louis Riel Day (Manitoba)"},{"date":"2019-07-15","name":"Orangemen's Day (Newfoundland and Labrador)"},{"date":"2019-08-05","name":"British Columbia Day (British Columbia)"},{"date":"2019-10-18","name":"Healthcare Aide Day (regional holiday)"},{"date":"2019-11-11","name":"Remembrance Day (regional holiday)"},{"date":"2019-01-02","name":"Day After New Year\u2019s Day (Quebec)"},{"date":"2019-06-21","name":"National Indigenous Peoples Day (regional holiday)"},{"date":"2019-08-05","name":"Heritage Day (Alberta)"},{"date":"2019-04-22","name":"St. George's Day (Newfoundland and Labrador)"},{"date":"2019-05-20","name":"National Patriots' Day (Quebec)"},{"date":"2019-07-01","name":"Memorial Day (Newfoundland and Labrador)"},{"date":"2019-08-16","name":"Gold Cup Parade (Prince Edward Island)"},{"date":"2019-08-05","name":"Natal Day (Nova Scotia)"},{"date":"2019-08-19","name":"Discovery Day (Yukon)"},{"date":"2019-02-18","name":"Family Day (regional holiday)"},{"date":"2019-12-25","name":"Christmas Day"},{"date":"2019-10-14","name":"Thanksgiving Day (regional holiday)"},{"date":"2019-02-22","name":"Yukon Heritage Day (Yukon)"},{"date":"2019-04-22","name":"Easter Monday (regional holiday)"},{"date":"2019-12-26","name":"Boxing Day (regional holiday)"},{"date":"2019-04-21","name":"Easter Sunday (Nova Scotia)"}]},{"year":2020,"holidays":[{"date":"2020-01-01","name":"New Year's Day"},{"date":"2020-01-06","name":"Epiphany"},{"date":"2020-02-02","name":"Groundhog Day"},{"date":"2020-02-14","name":"Valentine's Day"},{"date":"2020-03-08","name":"Daylight Saving Time starts"},{"date":"2020-03-09","name":"Commonwealth Day"},{"date":"2020-03-17","name":"St. Patrick's Day"},{"date":"2020-04-06","name":"National Tartan Day"},{"date":"2020-04-09","name":"Vimy Ridge Day"},{"date":"2020-04-10","name":"Good Friday"},{"date":"2020-05-10","name":"Mother's Day"},{"date":"2020-06-21","name":"Father's Day"},{"date":"2020-07-01","name":"Canada Day"},{"date":"2020-09-07","name":"Labour Day"},{"date":"2020-10-31","name":"Halloween"},{"date":"2020-11-01","name":"Daylight Saving Time ends"},{"date":"2020-12-11","name":"Anniversary of the Statute of Westminster"},{"date":"2020-12-24","name":"Christmas Eve"},{"date":"2020-12-31","name":"New Year's Eve"},{"date":"2020-02-17","name":"Louis Riel Day (Manitoba)"},{"date":"2020-04-20","name":"St. George's Day (Newfoundland and Labrador)"},{"date":"2020-08-17","name":"Discovery Day (Yukon)"},{"date":"2020-02-17","name":"Nova Scotia Heritage Day (Nova Scotia)"},{"date":"2020-06-24","name":"St. Jean Baptiste Day (Quebec)"},{"date":"2020-01-02","name":"Day After New Year\u2019s Day (Quebec)"},{"date":"2020-03-16","name":"St. Patrick's Day (Newfoundland and Labrador)"},{"date":"2020-05-18","name":"National Patriots' Day (Quebec)"},{"date":"2020-06-21","name":"National Indigenous Peoples Day (regional holiday)"},{"date":"2020-06-22","name":"Discovery Day (Newfoundland and Labrador)"},{"date":"2020-07-09","name":"Nunavut Day (Nunavut)"},{"date":"2020-02-17","name":"Islander Day (Prince Edward Island)"},{"date":"2020-08-03","name":"Civic\/Provincial Day (regional holiday)"},{"date":"2020-08-03","name":"Natal Day (Nova Scotia)"},{"date":"2020-05-18","name":"Victoria Day (regional holiday)"},{"date":"2020-07-01","name":"Memorial Day (Newfoundland and Labrador)"},{"date":"2020-08-03","name":"New Brunswick Day (New Brunswick)"},{"date":"2020-08-03","name":"British Columbia Day (British Columbia)"},{"date":"2020-08-03","name":"Saskatchewan Day (Saskatchewan)"},{"date":"2020-08-21","name":"Gold Cup Parade (Prince Edward Island)"},{"date":"2020-07-13","name":"Orangemen's Day (Newfoundland and Labrador)"},{"date":"2020-08-03","name":"Heritage Day (Alberta)"},{"date":"2020-10-18","name":"Healthcare Aide Day (regional holiday)"},{"date":"2020-02-17","name":"Family Day (regional holiday)"},{"date":"2020-12-25","name":"Christmas Day"},{"date":"2020-10-12","name":"Thanksgiving Day (regional holiday)"},{"date":"2020-02-21","name":"Yukon Heritage Day (Yukon)"},{"date":"2020-04-12","name":"Easter Sunday (Nova Scotia)"},{"date":"2020-11-11","name":"Remembrance Day (regional holiday)"},{"date":"2020-12-26","name":"Boxing Day (regional holiday)"},{"date":"2020-04-13","name":"Easter Monday (regional holiday)"},{"date":"2020-08-03","name":"The Royal St John's Regatta (Regatta Day) (Newfoundland and Labrador)"}]},{"year":2021,"holidays":[{"date":"2021-01-01","name":"New Year's Day"},{"date":"2021-01-06","name":"Epiphany"},{"date":"2021-02-02","name":"Groundhog Day"},{"date":"2021-02-14","name":"Valentine's Day"},{"date":"2021-03-08","name":"Commonwealth Day"},{"date":"2021-03-14","name":"Daylight Saving Time starts"},{"date":"2021-03-17","name":"St. Patrick's Day"},{"date":"2021-04-02","name":"Good Friday"},{"date":"2021-04-06","name":"National Tartan Day"},{"date":"2021-04-09","name":"Vimy Ridge Day"},{"date":"2021-05-09","name":"Mother's Day"},{"date":"2021-06-20","name":"Father's Day"},{"date":"2021-07-01","name":"Canada Day"},{"date":"2021-09-06","name":"Labour Day"},{"date":"2021-10-31","name":"Halloween"},{"date":"2021-11-07","name":"Daylight Saving Time ends"},{"date":"2021-12-11","name":"Anniversary of the Statute of Westminster"},{"date":"2021-12-24","name":"Christmas Eve"},{"date":"2021-12-31","name":"New Year's Eve"},{"date":"2021-01-02","name":"Day After New Year\u2019s Day (Quebec)"},{"date":"2021-02-15","name":"Islander Day (Prince Edward Island)"},{"date":"2021-08-02","name":"Saskatchewan Day (Saskatchewan)"},{"date":"2021-08-20","name":"Gold Cup Parade (Prince Edward Island)"},{"date":"2021-02-15","name":"Louis Riel Day (Manitoba)"},{"date":"2021-04-26","name":"St. George's Day (Newfoundland and Labrador)"},{"date":"2021-06-21","name":"Discovery Day (Newfoundland and Labrador)"},{"date":"2021-10-18","name":"Healthcare Aide Day (regional holiday)"},{"date":"2021-02-15","name":"Nova Scotia Heritage Day (Nova Scotia)"},{"date":"2021-03-15","name":"St. Patrick's Day (Newfoundland and Labrador)"},{"date":"2021-06-21","name":"National Indigenous Peoples Day (regional holiday)"},{"date":"2021-06-24","name":"St. Jean Baptiste Day (Quebec)"},{"date":"2021-07-01","name":"Memorial Day (Newfoundland and Labrador)"},{"date":"2021-08-02","name":"Heritage Day (Alberta)"},{"date":"2021-08-02","name":"New Brunswick Day (New Brunswick)"},{"date":"2021-08-02","name":"British Columbia Day (British Columbia)"},{"date":"2021-02-26","name":"Yukon Heritage Day (Yukon)"},{"date":"2021-05-24","name":"National Patriots' Day (Quebec)"},{"date":"2021-07-09","name":"Nunavut Day (Nunavut)"},{"date":"2021-08-02","name":"Civic\/Provincial Day (regional holiday)"},{"date":"2021-08-02","name":"Natal Day (Nova Scotia)"},{"date":"2021-08-04","name":"The Royal St John's Regatta (Regatta Day) (Newfoundland and Labrador)"},{"date":"2021-08-16","name":"Discovery Day (Yukon)"},{"date":"2021-05-24","name":"Victoria Day (regional holiday)"},{"date":"2021-07-12","name":"Orangemen's Day (Newfoundland and Labrador)"},{"date":"2021-12-24","name":"Christmas Day observed"},{"date":"2021-12-25","name":"Christmas Day"},{"date":"2021-10-11","name":"Thanksgiving Day (regional holiday)"},{"date":"2021-11-11","name":"Remembrance Day (regional holiday)"},{"date":"2021-02-15","name":"Family Day (regional holiday)"},{"date":"2021-04-04","name":"Easter Sunday (Nova Scotia)"},{"date":"2021-12-26","name":"Boxing Day (regional holiday)"},{"date":"2021-04-05","name":"Easter Monday (regional holiday)"}]}]}]}