{"country_code":"CH","name":"Switzerland","timezones":["Europe\/Zurich"],"location":{"lat":47,"lng":8},"google_calendar":[{"locale":"en","calendar":"en.ch#holiday@group.v.calendar.google.com","years":[{"year":2019,"holidays":[{"date":"2019-03-31","name":"Daylight Saving Time starts"},{"date":"2019-04-21","name":"Easter Sunday"},{"date":"2019-08-01","name":"Swiss National Day"},{"date":"2019-10-27","name":"Daylight Saving Time ends"},{"date":"2019-12-24","name":"Christmas Eve"},{"date":"2019-12-31","name":"New Year's Eve"},{"date":"2019-04-19","name":"Good Friday (regional holiday)"},{"date":"2019-06-09","name":"Pentecost (regional holiday)"},{"date":"2019-04-04","name":"N\u00e4felser Fahrt (Glarus)"},{"date":"2019-06-20","name":"Corpus Christi (regional holiday)"},{"date":"2019-08-15","name":"Assumption of Mary (regional holiday)"},{"date":"2019-09-09","name":"Knabenschiessen (Zurich)"},{"date":"2019-09-25","name":"St. Nicholas of Fl\u00fce (Obwalden)"},{"date":"2019-12-26","name":"St. Stephen's Day (regional holiday)"},{"date":"2019-01-01","name":"New Year's Day (regional holiday)"},{"date":"2019-04-08","name":"Sechsel\u00e4uten (Zurich)"},{"date":"2019-09-07","name":"Knabenschiessen (Zurich)"},{"date":"2019-09-08","name":"Knabenschiessen (Zurich)"},{"date":"2019-12-08","name":"Immaculate Conception (regional holiday)"},{"date":"2019-12-31","name":"Restoration Day (Geneva)"},{"date":"2019-01-02","name":"Berchtold Day (regional holiday)"},{"date":"2019-03-19","name":"Saint Joseph's Day (regional holiday)"},{"date":"2019-05-30","name":"Ascension Day (regional holiday)"},{"date":"2019-06-29","name":"St. Peter and St. Paul (regional holiday)"},{"date":"2019-09-16","name":"Federal Fast Monday (Vaud)"},{"date":"2019-09-22","name":"Mauritius Day (regional holiday)"},{"date":"2019-01-06","name":"Epiphany (regional holiday)"},{"date":"2019-04-22","name":"Easter Monday (regional holiday)"},{"date":"2019-05-01","name":"May Day (regional holiday)"},{"date":"2019-06-10","name":"Pentecost Monday (regional holiday)"},{"date":"2019-09-05","name":"Jeune Genevois (Geneva)"},{"date":"2019-09-15","name":"Swiss Federal Fast (regional holiday)"},{"date":"2019-06-23","name":"Jura Independence Day (Jura)"},{"date":"2019-11-01","name":"All Saints' Day (regional holiday)"},{"date":"2019-12-25","name":"Christmas Day (regional holiday)"},{"date":"2019-03-01","name":"Republic Day (Neuch\u00e2tel)"},{"date":"2019-02-14","name":"Valentine's Day"}]},{"year":2020,"holidays":[{"date":"2020-03-29","name":"Daylight Saving Time starts"},{"date":"2020-04-12","name":"Easter Sunday"},{"date":"2020-08-01","name":"Swiss National Day"},{"date":"2020-10-25","name":"Daylight Saving Time ends"},{"date":"2020-12-24","name":"Christmas Eve"},{"date":"2020-12-31","name":"New Year's Eve"},{"date":"2020-01-02","name":"Berchtold Day (regional holiday)"},{"date":"2020-03-19","name":"Saint Joseph's Day (regional holiday)"},{"date":"2020-04-13","name":"Easter Monday (regional holiday)"},{"date":"2020-06-29","name":"St. Peter and St. Paul (regional holiday)"},{"date":"2020-09-22","name":"Mauritius Day (regional holiday)"},{"date":"2020-09-14","name":"Knabenschiessen (Zurich)"},{"date":"2020-09-21","name":"Federal Fast Monday (Vaud)"},{"date":"2020-12-26","name":"St. Stephen's Day (regional holiday)"},{"date":"2020-04-02","name":"N\u00e4felser Fahrt (Glarus)"},{"date":"2020-04-20","name":"Sechsel\u00e4uten (Zurich)"},{"date":"2020-05-01","name":"May Day (regional holiday)"},{"date":"2020-09-12","name":"Knabenschiessen (Zurich)"},{"date":"2020-11-01","name":"All Saints' Day (regional holiday)"},{"date":"2020-12-31","name":"Restoration Day (Geneva)"},{"date":"2020-06-01","name":"Pentecost Monday (regional holiday)"},{"date":"2020-09-25","name":"St. Nicholas of Fl\u00fce (Obwalden)"},{"date":"2020-05-31","name":"Pentecost (regional holiday)"},{"date":"2020-06-11","name":"Corpus Christi (regional holiday)"},{"date":"2020-06-23","name":"Jura Independence Day (Jura)"},{"date":"2020-09-10","name":"Jeune Genevois (Geneva)"},{"date":"2020-09-13","name":"Knabenschiessen (Zurich)"},{"date":"2020-12-08","name":"Immaculate Conception (regional holiday)"},{"date":"2020-03-01","name":"Republic Day (Neuch\u00e2tel)"},{"date":"2020-08-15","name":"Assumption of Mary (regional holiday)"},{"date":"2020-12-25","name":"Christmas Day (regional holiday)"},{"date":"2020-01-01","name":"New Year's Day (regional holiday)"},{"date":"2020-01-06","name":"Epiphany (regional holiday)"},{"date":"2020-04-10","name":"Good Friday (regional holiday)"},{"date":"2020-05-21","name":"Ascension Day (regional holiday)"},{"date":"2020-09-20","name":"Swiss Federal Fast (regional holiday)"},{"date":"2020-02-14","name":"Valentine's Day"}]},{"year":2021,"holidays":[{"date":"2021-03-28","name":"Daylight Saving Time starts"},{"date":"2021-04-04","name":"Easter Sunday"},{"date":"2021-08-01","name":"Swiss National Day"},{"date":"2021-10-31","name":"Daylight Saving Time ends"},{"date":"2021-12-24","name":"Christmas Eve"},{"date":"2021-12-31","name":"New Year's Eve"},{"date":"2021-01-06","name":"Epiphany (regional holiday)"},{"date":"2021-06-03","name":"Corpus Christi (regional holiday)"},{"date":"2021-12-26","name":"St. Stephen's Day (regional holiday)"},{"date":"2021-09-11","name":"Knabenschiessen (Zurich)"},{"date":"2021-09-12","name":"Knabenschiessen (Zurich)"},{"date":"2021-09-20","name":"Federal Fast Monday (Vaud)"},{"date":"2021-12-31","name":"Restoration Day (Geneva)"},{"date":"2021-04-02","name":"Good Friday (regional holiday)"},{"date":"2021-05-01","name":"May Day (regional holiday)"},{"date":"2021-06-29","name":"St. Peter and St. Paul (regional holiday)"},{"date":"2021-09-25","name":"St. Nicholas of Fl\u00fce (Obwalden)"},{"date":"2021-12-25","name":"Christmas Day (regional holiday)"},{"date":"2021-04-05","name":"Easter Monday (regional holiday)"},{"date":"2021-05-23","name":"Pentecost (regional holiday)"},{"date":"2021-06-23","name":"Jura Independence Day (Jura)"},{"date":"2021-08-15","name":"Assumption of Mary (regional holiday)"},{"date":"2021-09-13","name":"Knabenschiessen (Zurich)"},{"date":"2021-09-22","name":"Mauritius Day (regional holiday)"},{"date":"2021-05-13","name":"Ascension Day (regional holiday)"},{"date":"2021-05-24","name":"Pentecost Monday (regional holiday)"},{"date":"2021-09-19","name":"Swiss Federal Fast (regional holiday)"},{"date":"2021-01-01","name":"New Year's Day (regional holiday)"},{"date":"2021-01-02","name":"Berchtold Day (regional holiday)"},{"date":"2021-03-01","name":"Republic Day (Neuch\u00e2tel)"},{"date":"2021-03-19","name":"Saint Joseph's Day (regional holiday)"},{"date":"2021-09-09","name":"Jeune Genevois (Geneva)"},{"date":"2021-12-08","name":"Immaculate Conception (regional holiday)"},{"date":"2021-04-19","name":"Sechsel\u00e4uten (Zurich)"},{"date":"2021-11-01","name":"All Saints' Day (regional holiday)"},{"date":"2021-02-14","name":"Valentine's Day"},{"date":"2021-04-08","name":"N\u00e4felser Fahrt (Glarus)"}]}]}]}