{"country_code":"GA","name":"Gabon","timezones":["Africa\/Libreville"],"location":{"lat":-1,"lng":11.75},"google_calendar":[{"locale":"en","calendar":"en.ga#holiday@group.v.calendar.google.com","years":[{"year":2019,"holidays":[{"date":"2019-01-01","name":"New Year"},{"date":"2019-04-17","name":"Women's Rights Day"},{"date":"2019-04-22","name":"Easter Monday"},{"date":"2019-05-01","name":"Labour Day"},{"date":"2019-05-12","name":"Mother's Day"},{"date":"2019-06-10","name":"Whit Monday"},{"date":"2019-06-16","name":"Father's Day"},{"date":"2019-08-15","name":"Assumption of Mary"},{"date":"2019-08-16","name":"Independence Day"},{"date":"2019-08-17","name":"Independence Day"},{"date":"2019-11-01","name":"All Saints' Eve"},{"date":"2019-12-25","name":"Christmas Day"},{"date":"2019-04-21","name":"Easter Sunday"},{"date":"2019-06-04","name":"Eid al-Fitr"},{"date":"2019-08-11","name":"Eid al-Adha"}]},{"year":2020,"holidays":[{"date":"2020-01-01","name":"New Year"},{"date":"2020-04-13","name":"Easter Monday"},{"date":"2020-04-17","name":"Women's Rights Day"},{"date":"2020-05-01","name":"Labour Day"},{"date":"2020-05-10","name":"Mother's Day"},{"date":"2020-05-24","name":"Eid al-Fitr"},{"date":"2020-06-01","name":"Whit Monday"},{"date":"2020-06-21","name":"Father's Day"},{"date":"2020-07-31","name":"Eid al-Adha"},{"date":"2020-08-15","name":"Assumption of Mary"},{"date":"2020-08-16","name":"Independence Day"},{"date":"2020-08-17","name":"Independence Day"},{"date":"2020-11-01","name":"All Saints' Eve"},{"date":"2020-12-25","name":"Christmas Day"},{"date":"2020-04-12","name":"Easter Sunday"}]},{"year":2021,"holidays":[{"date":"2021-01-01","name":"New Year"},{"date":"2021-04-05","name":"Easter Monday"},{"date":"2021-04-17","name":"Women's Rights Day"},{"date":"2021-05-01","name":"Labour Day"},{"date":"2021-05-09","name":"Mother's Day"},{"date":"2021-05-13","name":"Eid al-Fitr"},{"date":"2021-05-24","name":"Whit Monday"},{"date":"2021-06-20","name":"Father's Day"},{"date":"2021-07-20","name":"Eid al-Adha"},{"date":"2021-08-15","name":"Assumption of Mary"},{"date":"2021-08-16","name":"Independence Day"},{"date":"2021-08-17","name":"Independence Day"},{"date":"2021-11-01","name":"All Saints' Eve"},{"date":"2021-12-25","name":"Christmas Day"},{"date":"2021-04-04","name":"Easter Sunday"}]}]}]}