{"country_code":"GL","name":"Greenland","timezones":["America\/Godthab","America\/Danmarkshavn","America\/Scoresbysund","America\/Thule"],"location":{"lat":72,"lng":-40},"google_calendar":[{"locale":"en","calendar":"en.gl#holiday@group.v.calendar.google.com","years":[{"year":2019,"holidays":[{"date":"2019-01-01","name":"New Year"},{"date":"2019-01-06","name":"Epiphany"},{"date":"2019-03-30","name":"Daylight Saving Time starts"},{"date":"2019-04-18","name":"Maundy Thursday"},{"date":"2019-04-19","name":"Good Friday"},{"date":"2019-04-22","name":"Easter Monday"},{"date":"2019-05-01","name":"May Day"},{"date":"2019-05-30","name":"Ascension Day"},{"date":"2019-06-10","name":"Whit Monday"},{"date":"2019-06-21","name":"National Day"},{"date":"2019-10-26","name":"Daylight Saving Time ends"},{"date":"2019-12-24","name":"Christmas Eve"},{"date":"2019-12-25","name":"Christmas Day"},{"date":"2019-12-26","name":"Boxing Day"},{"date":"2019-12-31","name":"New Year's Eve"},{"date":"2019-05-17","name":"Great Prayer Day"}]},{"year":2020,"holidays":[{"date":"2020-01-01","name":"New Year"},{"date":"2020-01-06","name":"Epiphany"},{"date":"2020-03-28","name":"Daylight Saving Time starts"},{"date":"2020-04-09","name":"Maundy Thursday"},{"date":"2020-04-10","name":"Good Friday"},{"date":"2020-04-13","name":"Easter Monday"},{"date":"2020-05-01","name":"May Day"},{"date":"2020-05-21","name":"Ascension Day"},{"date":"2020-06-01","name":"Whit Monday"},{"date":"2020-06-21","name":"National Day"},{"date":"2020-10-24","name":"Daylight Saving Time ends"},{"date":"2020-12-24","name":"Christmas Eve"},{"date":"2020-12-25","name":"Christmas Day"},{"date":"2020-12-26","name":"Boxing Day"},{"date":"2020-12-31","name":"New Year's Eve"},{"date":"2020-05-08","name":"Great Prayer Day"}]},{"year":2021,"holidays":[{"date":"2021-01-01","name":"New Year"},{"date":"2021-01-06","name":"Epiphany"},{"date":"2021-03-27","name":"Daylight Saving Time starts"},{"date":"2021-04-01","name":"Maundy Thursday"},{"date":"2021-04-02","name":"Good Friday"},{"date":"2021-04-05","name":"Easter Monday"},{"date":"2021-05-01","name":"May Day"},{"date":"2021-05-13","name":"Ascension Day"},{"date":"2021-05-24","name":"Whit Monday"},{"date":"2021-06-21","name":"National Day"},{"date":"2021-10-30","name":"Daylight Saving Time ends"},{"date":"2021-12-24","name":"Christmas Eve"},{"date":"2021-12-25","name":"Christmas Day"},{"date":"2021-12-26","name":"Boxing Day"},{"date":"2021-12-31","name":"New Year's Eve"},{"date":"2021-04-30","name":"Great Prayer Day"}]}]}]}