{"country_code":"HN","name":"Honduras","timezones":["America\/Tegucigalpa"],"location":{"lat":15,"lng":-86.5},"google_calendar":[{"locale":"en","calendar":"en.hn#holiday@group.v.calendar.google.com","years":[{"year":2019,"holidays":[{"date":"2019-01-01","name":"New Year's Day"},{"date":"2019-01-06","name":"The Three Wise Men Day"},{"date":"2019-02-03","name":"Our Lady of Suyapa"},{"date":"2019-04-14","name":"America Day"},{"date":"2019-04-18","name":"Maundy Thursday"},{"date":"2019-04-19","name":"Good Friday"},{"date":"2019-04-20","name":"Holy Saturday"},{"date":"2019-05-01","name":"Labor Day \/ May Day"},{"date":"2019-05-12","name":"Mother's Day"},{"date":"2019-06-20","name":"Corpus Christi"},{"date":"2019-09-15","name":"Independence Day"},{"date":"2019-10-12","name":"Columbus Day"},{"date":"2019-10-21","name":"Army Day"},{"date":"2019-12-25","name":"Christmas Day"},{"date":"2019-12-31","name":"New Year's Eve"},{"date":"2019-04-21","name":"Easter Sunday"},{"date":"2019-03-19","name":"Father's Day"},{"date":"2019-09-10","name":"Children's Day"},{"date":"2019-09-17","name":"Teacher's Day"},{"date":"2019-10-03","name":"Morazan's Day"}]},{"year":2020,"holidays":[{"date":"2020-01-01","name":"New Year's Day"},{"date":"2020-01-06","name":"The Three Wise Men Day"},{"date":"2020-02-03","name":"Our Lady of Suyapa"},{"date":"2020-04-09","name":"Maundy Thursday"},{"date":"2020-04-10","name":"Good Friday"},{"date":"2020-04-11","name":"Holy Saturday"},{"date":"2020-04-14","name":"America Day"},{"date":"2020-05-01","name":"Labor Day \/ May Day"},{"date":"2020-05-10","name":"Mother's Day"},{"date":"2020-06-11","name":"Corpus Christi"},{"date":"2020-09-15","name":"Independence Day"},{"date":"2020-10-12","name":"Columbus Day"},{"date":"2020-10-21","name":"Army Day"},{"date":"2020-12-25","name":"Christmas Day"},{"date":"2020-12-31","name":"New Year's Eve"},{"date":"2020-04-12","name":"Easter Sunday"},{"date":"2020-03-19","name":"Father's Day"},{"date":"2020-09-10","name":"Children's Day"},{"date":"2020-09-17","name":"Teacher's Day"},{"date":"2020-10-03","name":"Morazan's Day"}]},{"year":2021,"holidays":[{"date":"2021-01-01","name":"New Year's Day"},{"date":"2021-01-06","name":"The Three Wise Men Day"},{"date":"2021-02-03","name":"Our Lady of Suyapa"},{"date":"2021-04-01","name":"Maundy Thursday"},{"date":"2021-04-02","name":"Good Friday"},{"date":"2021-04-03","name":"Holy Saturday"},{"date":"2021-04-14","name":"America Day"},{"date":"2021-05-01","name":"Labor Day \/ May Day"},{"date":"2021-05-09","name":"Mother's Day"},{"date":"2021-06-03","name":"Corpus Christi"},{"date":"2021-09-15","name":"Independence Day"},{"date":"2021-10-12","name":"Columbus Day"},{"date":"2021-10-21","name":"Army Day"},{"date":"2021-12-25","name":"Christmas Day"},{"date":"2021-12-31","name":"New Year's Eve"},{"date":"2021-04-04","name":"Easter Sunday"},{"date":"2021-03-19","name":"Father's Day"},{"date":"2021-09-10","name":"Children's Day"},{"date":"2021-09-17","name":"Teacher's Day"},{"date":"2021-10-03","name":"Morazan's Day"}]}]}]}