{"country_code":"MW","name":"Malawi","timezones":["Africa\/Blantyre"],"location":{"lat":-13.5,"lng":34},"google_calendar":[{"locale":"en","calendar":"en.mw#holiday@group.v.calendar.google.com","years":[{"year":2019,"holidays":[{"date":"2019-01-01","name":"New Year"},{"date":"2019-01-15","name":"John Chilembwe Day"},{"date":"2019-03-03","name":"Martyrs' Day"},{"date":"2019-04-19","name":"Good Friday"},{"date":"2019-04-22","name":"Easter Monday"},{"date":"2019-05-01","name":"May Day"},{"date":"2019-05-14","name":"Kamuzu Day"},{"date":"2019-06-05","name":"Eid al-Fitr"},{"date":"2019-07-06","name":"Independence Day"},{"date":"2019-12-25","name":"Christmas Day"},{"date":"2019-03-04","name":"Day off for Martyrs' Day"},{"date":"2019-04-20","name":"Easter Saturday"},{"date":"2019-07-08","name":"Day off for Independence Day"},{"date":"2019-10-15","name":"Mother's Day"},{"date":"2019-12-26","name":"Boxing Day"}]},{"year":2020,"holidays":[{"date":"2020-01-01","name":"New Year"},{"date":"2020-01-15","name":"John Chilembwe Day"},{"date":"2020-03-03","name":"Martyrs' Day"},{"date":"2020-04-10","name":"Good Friday"},{"date":"2020-04-13","name":"Easter Monday"},{"date":"2020-05-01","name":"May Day"},{"date":"2020-05-14","name":"Kamuzu Day"},{"date":"2020-07-06","name":"Independence Day"},{"date":"2020-12-25","name":"Christmas Day"},{"date":"2020-04-11","name":"Easter Saturday"},{"date":"2020-05-24","name":"Eid al-Fitr"},{"date":"2020-05-25","name":"Day off for Eid al-Fitr"},{"date":"2020-10-15","name":"Mother's Day"},{"date":"2020-12-26","name":"Boxing Day"},{"date":"2020-12-28","name":"Day off for Boxing Day"}]},{"year":2021,"holidays":[{"date":"2021-01-01","name":"New Year"},{"date":"2021-01-15","name":"John Chilembwe Day"},{"date":"2021-03-03","name":"Martyrs' Day"},{"date":"2021-04-02","name":"Good Friday"},{"date":"2021-04-05","name":"Easter Monday"},{"date":"2021-05-01","name":"May Day"},{"date":"2021-05-13","name":"Eid al-Fitr"},{"date":"2021-05-14","name":"Kamuzu Day"},{"date":"2021-07-06","name":"Independence Day"},{"date":"2021-12-25","name":"Christmas Day"},{"date":"2021-04-03","name":"Easter Saturday"},{"date":"2021-05-03","name":"Day off for May Day"},{"date":"2021-10-15","name":"Mother's Day"},{"date":"2021-12-26","name":"Boxing Day"},{"date":"2021-12-27","name":"Day off for Christmas Day"},{"date":"2021-12-28","name":"Day off for Boxing Day"}]}]}]}