{"country_code":"NR","name":"Nauru","timezones":["Pacific\/Nauru"],"location":{"lat":-0.53333333,"lng":166.91666666},"google_calendar":[{"locale":"en","calendar":"en.nr#holiday@group.v.calendar.google.com","years":[{"year":2019,"holidays":[{"date":"2019-01-01","name":"New Year's Day"},{"date":"2019-01-31","name":"Independence Day"},{"date":"2019-04-19","name":"Good Friday"},{"date":"2019-04-22","name":"Easter Monday"},{"date":"2019-05-17","name":"Constitution Day"},{"date":"2019-10-26","name":"Angam Day"},{"date":"2019-12-25","name":"Christmas Day"},{"date":"2019-12-26","name":"Boxing Day"},{"date":"2019-04-23","name":"Easter Tuesday"},{"date":"2019-10-28","name":"Angam Day observed"},{"date":"2019-03-08","name":"International Women's Day"},{"date":"2019-07-01","name":"RONPhos Handover"},{"date":"2019-08-19","name":"Day of the Tribes"},{"date":"2019-02-01","name":"Independence Day Holiday"}]},{"year":2020,"holidays":[{"date":"2020-01-01","name":"New Year's Day"},{"date":"2020-01-31","name":"Independence Day"},{"date":"2020-04-10","name":"Good Friday"},{"date":"2020-04-13","name":"Easter Monday"},{"date":"2020-05-17","name":"Constitution Day"},{"date":"2020-10-26","name":"Angam Day"},{"date":"2020-12-25","name":"Christmas Day"},{"date":"2020-12-26","name":"Boxing Day"},{"date":"2020-03-08","name":"International Women's Day"},{"date":"2020-03-09","name":"International Women's Day observed"},{"date":"2020-04-14","name":"Easter Tuesday"},{"date":"2020-12-28","name":"Boxing Day observed"},{"date":"2020-05-18","name":"Constitution Day observed"},{"date":"2020-07-01","name":"RONPhos Handover"},{"date":"2020-08-19","name":"Day of the Tribes"},{"date":"2020-02-03","name":"Independence Day Holiday"}]},{"year":2021,"holidays":[{"date":"2021-01-01","name":"New Year's Day"},{"date":"2021-04-02","name":"Good Friday"},{"date":"2021-04-05","name":"Easter Monday"},{"date":"2021-05-17","name":"Constitution Day"},{"date":"2021-10-26","name":"Angam Day"},{"date":"2021-12-25","name":"Christmas Day"},{"date":"2021-12-26","name":"Boxing Day"},{"date":"2021-03-08","name":"International Women's Day"},{"date":"2021-04-06","name":"Easter Tuesday"},{"date":"2021-12-27","name":"Christmas Day observed"},{"date":"2021-12-28","name":"Boxing Day observed"},{"date":"2021-07-01","name":"RONPhos Handover"},{"date":"2021-08-19","name":"Day of the Tribes"},{"date":"2021-02-01","name":"Independence Day"},{"date":"2021-02-02","name":"Independence Day Holiday"}]}]}]}