{"country_code":"PY","name":"Paraguay","timezones":["America\/Asuncion"],"location":{"lat":-23,"lng":-58},"google_calendar":[{"locale":"en","calendar":"en.py#holiday@group.v.calendar.google.com","years":[{"year":2019,"holidays":[{"date":"2019-01-01","name":"New Year's Day"},{"date":"2019-03-24","name":"Daylight Saving Time ends"},{"date":"2019-04-18","name":"Maundy Thursday"},{"date":"2019-04-19","name":"Good Friday"},{"date":"2019-05-01","name":"Labor Day \/ May Day"},{"date":"2019-05-14","name":"National Holiday"},{"date":"2019-05-15","name":"Independence Day"},{"date":"2019-08-15","name":"Founding of Asuncion"},{"date":"2019-09-29","name":"Boqueron Battle Victory Day"},{"date":"2019-10-06","name":"Daylight Saving Time starts"},{"date":"2019-12-08","name":"Virgin of Caacup\u00e9 Day"},{"date":"2019-12-25","name":"Christmas Day"},{"date":"2019-12-31","name":"New Year's Eve"},{"date":"2019-03-04","name":"Heroes' Day"},{"date":"2019-06-17","name":"Chaco Armistice"},{"date":"2019-12-24","name":"Christmas Eve"}]},{"year":2020,"holidays":[{"date":"2020-01-01","name":"New Year's Day"},{"date":"2020-03-01","name":"Heroes' Day"},{"date":"2020-03-22","name":"Daylight Saving Time ends"},{"date":"2020-04-09","name":"Maundy Thursday"},{"date":"2020-04-10","name":"Good Friday"},{"date":"2020-05-01","name":"Labor Day \/ May Day"},{"date":"2020-05-14","name":"National Holiday"},{"date":"2020-05-15","name":"Independence Day"},{"date":"2020-06-12","name":"Chaco Armistice"},{"date":"2020-08-15","name":"Founding of Asuncion"},{"date":"2020-09-29","name":"Boqueron Battle Victory Day"},{"date":"2020-10-04","name":"Daylight Saving Time starts"},{"date":"2020-12-08","name":"Virgin of Caacup\u00e9 Day"},{"date":"2020-12-25","name":"Christmas Day"},{"date":"2020-12-31","name":"New Year's Eve"},{"date":"2020-12-24","name":"Christmas Eve"}]},{"year":2021,"holidays":[{"date":"2021-01-01","name":"New Year's Day"},{"date":"2021-03-01","name":"Heroes' Day"},{"date":"2021-03-28","name":"Daylight Saving Time ends"},{"date":"2021-04-01","name":"Maundy Thursday"},{"date":"2021-04-02","name":"Good Friday"},{"date":"2021-05-01","name":"Labor Day \/ May Day"},{"date":"2021-05-14","name":"National Holiday"},{"date":"2021-05-15","name":"Independence Day"},{"date":"2021-06-12","name":"Chaco Armistice"},{"date":"2021-08-15","name":"Founding of Asuncion"},{"date":"2021-09-29","name":"Boqueron Battle Victory Day"},{"date":"2021-10-03","name":"Daylight Saving Time starts"},{"date":"2021-12-08","name":"Virgin of Caacup\u00e9 Day"},{"date":"2021-12-25","name":"Christmas Day"},{"date":"2021-12-31","name":"New Year's Eve"},{"date":"2021-12-24","name":"Christmas Eve"}]}]}]}