{"country_code":"SX","name":"Sint Maarten","timezones":["America\/Lower_Princes"],"location":{"lat":18.033333,"lng":-63.05},"google_calendar":[{"locale":"en","calendar":"en.sx#holiday@group.v.calendar.google.com","years":[{"year":2019,"holidays":[{"date":"2019-01-01","name":"New Year's Day"},{"date":"2019-04-19","name":"Good Friday"},{"date":"2019-04-22","name":"Easter Monday"},{"date":"2019-04-27","name":"King's Day"},{"date":"2019-04-30","name":"Carnival Day"},{"date":"2019-05-01","name":"Labor Day \/ May Day"},{"date":"2019-05-30","name":"Ascension Day"},{"date":"2019-06-09","name":"Whit Sunday"},{"date":"2019-07-01","name":"Emancipation Day"},{"date":"2019-10-14","name":"Constitution Day"},{"date":"2019-11-11","name":"Sint Maarten's Day"},{"date":"2019-12-25","name":"Christmas Day"},{"date":"2019-12-26","name":"Boxing Day"},{"date":"2019-04-21","name":"Easter Sunday"}]},{"year":2020,"holidays":[{"date":"2020-01-01","name":"New Year's Day"},{"date":"2020-04-10","name":"Good Friday"},{"date":"2020-04-13","name":"Easter Monday"},{"date":"2020-04-27","name":"King's Day"},{"date":"2020-04-30","name":"Carnival Day"},{"date":"2020-05-01","name":"Labor Day \/ May Day"},{"date":"2020-05-21","name":"Ascension Day"},{"date":"2020-05-31","name":"Whit Sunday"},{"date":"2020-07-01","name":"Emancipation Day"},{"date":"2020-10-12","name":"Constitution Day"},{"date":"2020-11-11","name":"Sint Maarten's Day"},{"date":"2020-12-25","name":"Christmas Day"},{"date":"2020-12-26","name":"Boxing Day"},{"date":"2020-04-12","name":"Easter Sunday"}]},{"year":2021,"holidays":[{"date":"2021-01-01","name":"New Year's Day"},{"date":"2021-04-02","name":"Good Friday"},{"date":"2021-04-05","name":"Easter Monday"},{"date":"2021-04-27","name":"King's Day"},{"date":"2021-04-30","name":"Carnival Day"},{"date":"2021-05-01","name":"Labor Day \/ May Day"},{"date":"2021-05-13","name":"Ascension Day"},{"date":"2021-05-23","name":"Whit Sunday"},{"date":"2021-07-01","name":"Emancipation Day"},{"date":"2021-10-11","name":"Constitution Day"},{"date":"2021-11-11","name":"Sint Maarten's Day"},{"date":"2021-12-25","name":"Christmas Day"},{"date":"2021-12-26","name":"Boxing Day"},{"date":"2021-04-04","name":"Easter Sunday"}]}]}]}