{"country_code":"TJ","name":"Tajikistan","timezones":["Asia\/Dushanbe"],"location":{"lat":39,"lng":71},"google_calendar":[{"locale":"en","calendar":"en.tj#holiday@group.v.calendar.google.com","years":[{"year":2019,"holidays":[{"date":"2019-01-01","name":"New Year's Day"},{"date":"2019-03-08","name":"International Women's Day"},{"date":"2019-05-01","name":"Labor Day \/ May Day"},{"date":"2019-05-09","name":"Victory Day"},{"date":"2019-06-27","name":"Day of National Unity"},{"date":"2019-09-09","name":"Independence Day"},{"date":"2019-11-06","name":"Constitution Day"},{"date":"2019-03-21","name":"Navruz Celebration"},{"date":"2019-03-22","name":"Navruz Celebration"},{"date":"2019-03-23","name":"Navruz Celebration"},{"date":"2019-03-24","name":"Navruz Celebration"},{"date":"2019-06-04","name":"Eid ul Fitr"},{"date":"2019-08-11","name":"Eid ul Adha"}]},{"year":2020,"holidays":[{"date":"2020-01-01","name":"New Year's Day"},{"date":"2020-03-08","name":"International Women's Day"},{"date":"2020-05-01","name":"Labor Day \/ May Day"},{"date":"2020-05-09","name":"Victory Day"},{"date":"2020-05-24","name":"Eid ul Fitr"},{"date":"2020-06-27","name":"Day of National Unity"},{"date":"2020-07-31","name":"Eid ul Adha"},{"date":"2020-09-09","name":"Independence Day"},{"date":"2020-11-06","name":"Constitution Day"},{"date":"2020-03-21","name":"Navruz Celebration"},{"date":"2020-03-22","name":"Navruz Celebration"},{"date":"2020-03-23","name":"Navruz Celebration"},{"date":"2020-03-24","name":"Navruz Celebration"}]},{"year":2021,"holidays":[{"date":"2021-01-01","name":"New Year's Day"},{"date":"2021-03-08","name":"International Women's Day"},{"date":"2021-05-01","name":"Labor Day \/ May Day"},{"date":"2021-05-09","name":"Victory Day"},{"date":"2021-05-13","name":"Eid ul Fitr"},{"date":"2021-06-27","name":"Day of National Unity"},{"date":"2021-07-20","name":"Eid ul Adha"},{"date":"2021-09-09","name":"Independence Day"},{"date":"2021-11-06","name":"Constitution Day"},{"date":"2021-11-08","name":"Constitution Day observed"},{"date":"2021-03-21","name":"Navruz Celebration"},{"date":"2021-03-22","name":"Navruz Celebration"},{"date":"2021-03-23","name":"Navruz Celebration"},{"date":"2021-03-24","name":"Navruz Celebration"}]}]}]}