{"country_code":"US","name":"United States","timezones":["America\/New_York","America\/Detroit","America\/Kentucky\/Louisville","America\/Kentucky\/Monticello","America\/Indiana\/Indianapolis","America\/Indiana\/Vincennes","America\/Indiana\/Winamac","America\/Indiana\/Marengo","America\/Indiana\/Petersburg","America\/Indiana\/Vevay","America\/Chicago","America\/Indiana\/Tell_City","America\/Indiana\/Knox","America\/Menominee","America\/North_Dakota\/Center","America\/North_Dakota\/New_Salem","America\/North_Dakota\/Beulah","America\/Denver","America\/Boise","America\/Phoenix","America\/Los_Angeles","America\/Anchorage","America\/Juneau","America\/Sitka","America\/Metlakatla","America\/Yakutat","America\/Nome","America\/Adak","Pacific\/Honolulu"],"location":{"lat":38,"lng":-97},"google_calendar":[{"locale":"en","calendar":"en.usa#holiday@group.v.calendar.google.com","years":[{"year":2019,"holidays":[{"date":"2019-01-01","name":"New Year's Day"},{"date":"2019-01-21","name":"Martin Luther King Jr. Day"},{"date":"2019-02-14","name":"Valentine's Day"},{"date":"2019-03-10","name":"Daylight Saving Time starts"},{"date":"2019-03-17","name":"St. Patrick's Day"},{"date":"2019-04-15","name":"Tax Day"},{"date":"2019-04-21","name":"Easter Sunday"},{"date":"2019-04-22","name":"Easter Monday"},{"date":"2019-05-05","name":"Cinco de Mayo"},{"date":"2019-05-12","name":"Mother's Day"},{"date":"2019-05-27","name":"Memorial Day"},{"date":"2019-06-16","name":"Father's Day"},{"date":"2019-07-04","name":"Independence Day"},{"date":"2019-09-02","name":"Labor Day"},{"date":"2019-10-31","name":"Halloween"},{"date":"2019-11-03","name":"Daylight Saving Time ends"},{"date":"2019-11-11","name":"Veterans Day"},{"date":"2019-11-28","name":"Thanksgiving Day"},{"date":"2019-11-29","name":"Black Friday"},{"date":"2019-12-25","name":"Christmas Day"},{"date":"2019-12-31","name":"New Year's Eve"},{"date":"2019-02-18","name":"Presidents' Day (regional holiday)"},{"date":"2019-10-14","name":"Columbus Day (regional holiday)"},{"date":"2019-02-01","name":"First Day of Black History Month"},{"date":"2019-03-01","name":"First Day of Women's History Month"},{"date":"2019-11-05","name":"Election Day"},{"date":"2019-12-24","name":"Christmas Eve"}]},{"year":2020,"holidays":[{"date":"2020-01-01","name":"New Year's Day"},{"date":"2020-01-20","name":"Martin Luther King Jr. Day"},{"date":"2020-02-14","name":"Valentine's Day"},{"date":"2020-03-08","name":"Daylight Saving Time starts"},{"date":"2020-03-17","name":"St. Patrick's Day"},{"date":"2020-04-12","name":"Easter Sunday"},{"date":"2020-04-13","name":"Easter Monday"},{"date":"2020-05-05","name":"Cinco de Mayo"},{"date":"2020-05-10","name":"Mother's Day"},{"date":"2020-05-25","name":"Memorial Day"},{"date":"2020-06-21","name":"Father's Day"},{"date":"2020-07-03","name":"Independence Day observed"},{"date":"2020-07-04","name":"Independence Day"},{"date":"2020-09-07","name":"Labor Day"},{"date":"2020-10-31","name":"Halloween"},{"date":"2020-11-01","name":"Daylight Saving Time ends"},{"date":"2020-11-11","name":"Veterans Day"},{"date":"2020-11-26","name":"Thanksgiving Day"},{"date":"2020-11-27","name":"Black Friday"},{"date":"2020-12-24","name":"Christmas Eve"},{"date":"2020-12-25","name":"Christmas Day"},{"date":"2020-12-31","name":"New Year's Eve"},{"date":"2020-02-17","name":"Presidents' Day (regional holiday)"},{"date":"2020-10-12","name":"Columbus Day (regional holiday)"},{"date":"2020-03-03","name":"Super Tuesday (regional holiday)"},{"date":"2020-02-01","name":"First Day of Black History Month"},{"date":"2020-03-01","name":"First Day of Women's History Month"},{"date":"2020-11-03","name":"Election Day (General Election)"},{"date":"2020-07-15","name":"Tax Day"}]},{"year":2021,"holidays":[{"date":"2021-01-01","name":"New Year's Day"},{"date":"2021-01-18","name":"Martin Luther King Jr. Day"},{"date":"2021-02-14","name":"Valentine's Day"},{"date":"2021-03-14","name":"Daylight Saving Time starts"},{"date":"2021-03-17","name":"St. Patrick's Day"},{"date":"2021-04-04","name":"Easter Sunday"},{"date":"2021-04-05","name":"Easter Monday"},{"date":"2021-04-15","name":"Tax Day"},{"date":"2021-05-05","name":"Cinco de Mayo"},{"date":"2021-05-09","name":"Mother's Day"},{"date":"2021-05-31","name":"Memorial Day"},{"date":"2021-06-20","name":"Father's Day"},{"date":"2021-07-04","name":"Independence Day"},{"date":"2021-07-05","name":"Independence Day observed"},{"date":"2021-09-06","name":"Labor Day"},{"date":"2021-10-31","name":"Halloween"},{"date":"2021-11-07","name":"Daylight Saving Time ends"},{"date":"2021-11-11","name":"Veterans Day"},{"date":"2021-11-25","name":"Thanksgiving Day"},{"date":"2021-11-26","name":"Black Friday"},{"date":"2021-12-24","name":"Christmas Day observed"},{"date":"2021-12-24","name":"Christmas Eve"},{"date":"2021-12-25","name":"Christmas Day"},{"date":"2021-12-31","name":"New Year's Day observed"},{"date":"2021-12-31","name":"New Year's Eve"},{"date":"2021-02-15","name":"Presidents' Day (regional holiday)"},{"date":"2021-10-11","name":"Columbus Day (regional holiday)"},{"date":"2021-02-01","name":"First Day of Black History Month"},{"date":"2021-03-01","name":"First Day of Women's History Month"},{"date":"2021-11-02","name":"Election Day"}]}]}]}