{"country_code":"VG","name":"British Virgin Islands","timezones":["America\/Tortola"],"location":{"lat":18.431383,"lng":-64.62305},"google_calendar":[{"locale":"en","calendar":"en.vg#holiday@group.v.calendar.google.com","years":[{"year":2019,"holidays":[{"date":"2019-01-01","name":"New Year's Day"},{"date":"2019-03-04","name":"Lavity Stoutt's Birthday"},{"date":"2019-03-11","name":"Commonwealth Day"},{"date":"2019-04-19","name":"Good Friday"},{"date":"2019-04-22","name":"Easter Monday"},{"date":"2019-06-07","name":"Sovereign's Birthday"},{"date":"2019-06-10","name":"Whit Monday"},{"date":"2019-07-01","name":"Territory Day"},{"date":"2019-08-05","name":"Festival Monday"},{"date":"2019-08-06","name":"Festival Tuesday"},{"date":"2019-08-07","name":"Festival Wednesday"},{"date":"2019-10-21","name":"Saint Ursula's Day"},{"date":"2019-12-25","name":"Christmas Day"},{"date":"2019-12-26","name":"Boxing Day"},{"date":"2019-12-11","name":"Premier Ralph O\u2019Neal\u2019s Funeral"}]},{"year":2020,"holidays":[{"date":"2020-01-01","name":"New Year's Day"},{"date":"2020-03-09","name":"Commonwealth Day"},{"date":"2020-04-10","name":"Good Friday"},{"date":"2020-04-13","name":"Easter Monday"},{"date":"2020-06-01","name":"Whit Monday"},{"date":"2020-08-03","name":"Festival Monday"},{"date":"2020-08-04","name":"Festival Tuesday"},{"date":"2020-08-05","name":"Festival Wednesday"},{"date":"2020-10-21","name":"Saint Ursula's Day"},{"date":"2020-12-25","name":"Christmas Day"},{"date":"2020-12-26","name":"Boxing Day"},{"date":"2020-03-02","name":"Lavity Stoutt's Birthday"},{"date":"2020-06-12","name":"Sovereign's Birthday"},{"date":"2020-06-29","name":"Territory Day"},{"date":"2020-10-23","name":"Day off for Saint Ursula's Day"},{"date":"2020-12-28","name":"Day off for Boxing Day"}]},{"year":2021,"holidays":[{"date":"2021-01-01","name":"New Year's Day"},{"date":"2021-03-07","name":"Lavity Stoutt's Birthday"},{"date":"2021-03-08","name":"Lavity Stoutt's Birthday observed"},{"date":"2021-03-08","name":"Commonwealth Day"},{"date":"2021-04-02","name":"Good Friday"},{"date":"2021-04-05","name":"Easter Monday"},{"date":"2021-05-24","name":"Whit Monday"},{"date":"2021-06-12","name":"Sovereign's Birthday"},{"date":"2021-07-01","name":"Territory Day"},{"date":"2021-08-02","name":"Festival Monday"},{"date":"2021-08-03","name":"Festival Tuesday"},{"date":"2021-08-04","name":"Festival Wednesday"},{"date":"2021-10-21","name":"Saint Ursula's Day"},{"date":"2021-12-25","name":"Christmas Day"},{"date":"2021-12-26","name":"Boxing Day"},{"date":"2021-12-27","name":"Christmas Day observed"},{"date":"2021-12-31","name":"New Year's Day observed"},{"date":"2021-12-28","name":"Day off for Boxing Day"}]}]}]}