{"country_code":"WS","name":"Samoa","timezones":["Pacific\/Apia"],"location":{"lat":-13.58333333,"lng":-172.33333333},"google_calendar":[{"locale":"en","calendar":"en.ws#holiday@group.v.calendar.google.com","years":[{"year":2019,"holidays":[{"date":"2019-01-01","name":"New Year's Day"},{"date":"2019-01-02","name":"Day After New Year's Day"},{"date":"2019-04-07","name":"Daylight Saving Time ends"},{"date":"2019-04-19","name":"Good Friday"},{"date":"2019-04-22","name":"Easter Monday"},{"date":"2019-05-13","name":"Mother's Day"},{"date":"2019-06-01","name":"Independence Day"},{"date":"2019-08-12","name":"Father's Day"},{"date":"2019-09-29","name":"Daylight Saving Time starts"},{"date":"2019-10-14","name":"Lotu a Tamaiti"},{"date":"2019-12-25","name":"Christmas Day"},{"date":"2019-12-26","name":"Boxing Day"},{"date":"2019-04-20","name":"Day After Good Friday"}]},{"year":2020,"holidays":[{"date":"2020-01-01","name":"New Year's Day"},{"date":"2020-01-02","name":"Day After New Year's Day"},{"date":"2020-04-05","name":"Daylight Saving Time ends"},{"date":"2020-04-10","name":"Good Friday"},{"date":"2020-04-13","name":"Easter Monday"},{"date":"2020-05-11","name":"Mother's Day"},{"date":"2020-06-01","name":"Independence Day"},{"date":"2020-08-10","name":"Father's Day"},{"date":"2020-09-27","name":"Daylight Saving Time starts"},{"date":"2020-10-12","name":"Lotu a Tamaiti"},{"date":"2020-12-25","name":"Christmas Day"},{"date":"2020-12-26","name":"Boxing Day"},{"date":"2020-04-11","name":"Day After Good Friday"}]},{"year":2021,"holidays":[{"date":"2021-01-01","name":"New Year's Day"},{"date":"2021-01-02","name":"Day After New Year's Day"},{"date":"2021-04-02","name":"Good Friday"},{"date":"2021-04-04","name":"Daylight Saving Time ends"},{"date":"2021-04-05","name":"Easter Monday"},{"date":"2021-05-10","name":"Mother's Day"},{"date":"2021-06-01","name":"Independence Day"},{"date":"2021-08-09","name":"Father's Day"},{"date":"2021-09-26","name":"Daylight Saving Time starts"},{"date":"2021-10-11","name":"Lotu a Tamaiti"},{"date":"2021-12-25","name":"Christmas Day"},{"date":"2021-12-26","name":"Boxing Day"},{"date":"2021-12-27","name":"Boxing Day observed"},{"date":"2021-04-03","name":"Day After Good Friday"}]}]}]}