{"country_code":"AL","name":"Albania","timezones":["Europe\/Tirane"],"location":{"lat":41,"lng":20},"google_calendar":[{"locale":"en","calendar":"en.al#holiday@group.v.calendar.google.com","years":[{"year":2019,"holidays":[{"date":"2019-01-01","name":"New Year's Day"},{"date":"2019-01-02","name":"New Year's Day (Day 2)"},{"date":"2019-02-14","name":"Valentine's Day"},{"date":"2019-03-08","name":"Mothers' Day"},{"date":"2019-03-14","name":"Summer Day"},{"date":"2019-03-22","name":"Nevruz Day"},{"date":"2019-03-31","name":"Daylight Saving Time starts"},{"date":"2019-04-19","name":"Good Friday"},{"date":"2019-04-20","name":"Holy Saturday"},{"date":"2019-04-21","name":"Easter Sunday"},{"date":"2019-04-22","name":"Easter Monday"},{"date":"2019-04-26","name":"Good Friday (Orthodox)"},{"date":"2019-04-27","name":"Easter Saturday (Orthodox)"},{"date":"2019-04-28","name":"Easter Sunday (Orthodox)"},{"date":"2019-04-29","name":"Easter Monday (Orthodox)"},{"date":"2019-05-01","name":"International Worker\u2019s Day"},{"date":"2019-06-16","name":"Fathers' Day"},{"date":"2019-09-05","name":"Mother Teresa Beatification Day"},{"date":"2019-10-27","name":"Daylight Saving Time ends"},{"date":"2019-10-31","name":"Halloween"},{"date":"2019-11-28","name":"Flag and Independence Day"},{"date":"2019-11-29","name":"Liberation Day"},{"date":"2019-12-08","name":"National Youth Day"},{"date":"2019-12-09","name":"National Youth Day observed"},{"date":"2019-12-24","name":"Christmas Eve"},{"date":"2019-12-25","name":"Christmas Day"},{"date":"2019-12-31","name":"New Year's Eve"},{"date":"2019-06-04","name":"Eid al-Fitr"},{"date":"2019-08-11","name":"Feast of the Sacrifice"}]},{"year":2020,"holidays":[{"date":"2020-01-01","name":"New Year's Day"},{"date":"2020-01-02","name":"New Year's Day (Day 2)"},{"date":"2020-02-14","name":"Valentine's Day"},{"date":"2020-03-08","name":"Mothers' Day"},{"date":"2020-03-14","name":"Summer Day"},{"date":"2020-03-22","name":"Nevruz Day"},{"date":"2020-03-29","name":"Daylight Saving Time starts"},{"date":"2020-04-10","name":"Good Friday"},{"date":"2020-04-11","name":"Holy Saturday"},{"date":"2020-04-12","name":"Easter Sunday"},{"date":"2020-04-13","name":"Easter Monday"},{"date":"2020-04-17","name":"Good Friday (Orthodox)"},{"date":"2020-04-18","name":"Easter Saturday (Orthodox)"},{"date":"2020-04-19","name":"Easter Sunday (Orthodox)"},{"date":"2020-04-20","name":"Easter Monday (Orthodox)"},{"date":"2020-05-01","name":"International Worker\u2019s Day"},{"date":"2020-05-24","name":"Eid al-Fitr"},{"date":"2020-06-21","name":"Fathers' Day"},{"date":"2020-07-31","name":"Feast of the Sacrifice"},{"date":"2020-09-05","name":"Mother Teresa Beatification Day"},{"date":"2020-10-25","name":"Daylight Saving Time ends"},{"date":"2020-10-31","name":"Halloween"},{"date":"2020-11-28","name":"Flag and Independence Day"},{"date":"2020-11-29","name":"Liberation Day"},{"date":"2020-12-08","name":"National Youth Day"},{"date":"2020-12-24","name":"Christmas Eve"},{"date":"2020-12-25","name":"Christmas Day"},{"date":"2020-12-31","name":"New Year's Eve"}]},{"year":2021,"holidays":[{"date":"2021-01-01","name":"New Year's Day"},{"date":"2021-01-02","name":"New Year's Day (Day 2)"},{"date":"2021-02-14","name":"Valentine's Day"},{"date":"2021-03-08","name":"Mothers' Day"},{"date":"2021-03-14","name":"Summer Day"},{"date":"2021-03-22","name":"Nevruz Day"},{"date":"2021-03-28","name":"Daylight Saving Time starts"},{"date":"2021-04-02","name":"Good Friday"},{"date":"2021-04-03","name":"Holy Saturday"},{"date":"2021-04-04","name":"Easter Sunday"},{"date":"2021-04-05","name":"Easter Monday"},{"date":"2021-04-30","name":"Good Friday (Orthodox)"},{"date":"2021-05-01","name":"Easter Saturday (Orthodox)"},{"date":"2021-05-01","name":"International Worker\u2019s Day"},{"date":"2021-05-02","name":"Easter Sunday (Orthodox)"},{"date":"2021-05-03","name":"Easter Monday (Orthodox)"},{"date":"2021-05-13","name":"Eid al-Fitr"},{"date":"2021-06-20","name":"Fathers' Day"},{"date":"2021-07-20","name":"Feast of the Sacrifice"},{"date":"2021-09-05","name":"Mother Teresa Beatification Day"},{"date":"2021-10-31","name":"Daylight Saving Time ends"},{"date":"2021-10-31","name":"Halloween"},{"date":"2021-11-28","name":"Flag and Independence Day"},{"date":"2021-11-29","name":"Liberation Day"},{"date":"2021-12-08","name":"National Youth Day"},{"date":"2021-12-24","name":"Christmas Eve"},{"date":"2021-12-25","name":"Christmas Day"},{"date":"2021-12-31","name":"New Year's Eve"}]}]}]}