{"country_code":"DE","name":"Germany","timezones":["Europe\/Berlin","Europe\/Busingen"],"location":{"lat":51,"lng":9},"google_calendar":[{"locale":"en","calendar":"en.german#holiday@group.v.calendar.google.com","years":[{"year":2019,"holidays":[{"date":"2019-01-01","name":"New Year's Day"},{"date":"2019-02-14","name":"Valentine's Day"},{"date":"2019-03-04","name":"Shrove Monday"},{"date":"2019-03-31","name":"Daylight Saving Time starts"},{"date":"2019-04-14","name":"Palm Sunday"},{"date":"2019-04-18","name":"Maundy Thursday"},{"date":"2019-04-19","name":"Good Friday"},{"date":"2019-04-22","name":"Easter Monday"},{"date":"2019-05-01","name":"May Day"},{"date":"2019-05-12","name":"Mother's Day"},{"date":"2019-05-30","name":"Ascension Day"},{"date":"2019-05-30","name":"Father's Day"},{"date":"2019-06-10","name":"Whit Monday"},{"date":"2019-10-03","name":"Day of German Unity"},{"date":"2019-10-27","name":"Daylight Saving Time ends"},{"date":"2019-10-31","name":"Halloween"},{"date":"2019-11-11","name":"St. Martin's Day"},{"date":"2019-11-17","name":"National Day of Mourning"},{"date":"2019-11-24","name":"Sunday of the Dead"},{"date":"2019-12-01","name":"First Advent Sunday"},{"date":"2019-12-06","name":"Saint Nicholas Day"},{"date":"2019-12-08","name":"Second Advent Sunday"},{"date":"2019-12-15","name":"Third Advent Sunday"},{"date":"2019-12-22","name":"Fourth Advent Sunday"},{"date":"2019-12-24","name":"Christmas Eve"},{"date":"2019-12-25","name":"Christmas Day"},{"date":"2019-12-26","name":"Boxing Day"},{"date":"2019-12-31","name":"New Year's Eve"},{"date":"2019-03-05","name":"Carnival \/ Shrove Tuesday"},{"date":"2019-03-06","name":"Carnival \/ Ash Wednesday"},{"date":"2019-01-06","name":"Epiphany (regional holiday)"},{"date":"2019-08-08","name":"Peace Festival in Augsburg (Bavaria)"},{"date":"2019-10-31","name":"Reformation Day (regional holiday)"},{"date":"2019-11-01","name":"All Saints' Day (regional holiday)"},{"date":"2019-11-20","name":"Repentance Day (Saxony)"},{"date":"2019-05-08","name":"Anniversary of the End of World War II"},{"date":"2019-06-20","name":"Corpus Christi (regional holiday)"},{"date":"2019-08-15","name":"Assumption of Mary (regional holiday)"},{"date":"2019-06-09","name":"Whit Sunday (regional holiday)"},{"date":"2019-09-20","name":"German World Children's Day (Thuringia)"},{"date":"2019-03-08","name":"International Women's Day (regional holiday)"},{"date":"2019-04-21","name":"Easter Sunday (regional holiday)"}]},{"year":2020,"holidays":[{"date":"2020-01-01","name":"New Year's Day"},{"date":"2020-02-14","name":"Valentine's Day"},{"date":"2020-02-24","name":"Shrove Monday"},{"date":"2020-03-29","name":"Daylight Saving Time starts"},{"date":"2020-04-05","name":"Palm Sunday"},{"date":"2020-04-09","name":"Maundy Thursday"},{"date":"2020-04-10","name":"Good Friday"},{"date":"2020-04-13","name":"Easter Monday"},{"date":"2020-05-01","name":"May Day"},{"date":"2020-05-10","name":"Mother's Day"},{"date":"2020-05-21","name":"Ascension Day"},{"date":"2020-05-21","name":"Father's Day"},{"date":"2020-06-01","name":"Whit Monday"},{"date":"2020-10-03","name":"Day of German Unity"},{"date":"2020-10-25","name":"Daylight Saving Time ends"},{"date":"2020-10-31","name":"Halloween"},{"date":"2020-11-11","name":"St. Martin's Day"},{"date":"2020-11-15","name":"National Day of Mourning"},{"date":"2020-11-22","name":"Sunday of the Dead"},{"date":"2020-11-29","name":"First Advent Sunday"},{"date":"2020-12-06","name":"Saint Nicholas Day"},{"date":"2020-12-06","name":"Second Advent Sunday"},{"date":"2020-12-13","name":"Third Advent Sunday"},{"date":"2020-12-20","name":"Fourth Advent Sunday"},{"date":"2020-12-24","name":"Christmas Eve"},{"date":"2020-12-25","name":"Christmas Day"},{"date":"2020-12-26","name":"Boxing Day"},{"date":"2020-12-31","name":"New Year's Eve"},{"date":"2020-02-25","name":"Carnival \/ Shrove Tuesday"},{"date":"2020-02-26","name":"Carnival \/ Ash Wednesday"},{"date":"2020-08-08","name":"Peace Festival in Augsburg (Bavaria)"},{"date":"2020-10-31","name":"Reformation Day (regional holiday)"},{"date":"2020-11-01","name":"All Saints' Day (regional holiday)"},{"date":"2020-11-18","name":"Repentance Day (Saxony)"},{"date":"2020-01-06","name":"Epiphany (regional holiday)"},{"date":"2020-06-11","name":"Corpus Christi (regional holiday)"},{"date":"2020-08-15","name":"Assumption of Mary (regional holiday)"},{"date":"2020-05-08","name":"Anniversary of the End of World War II (Berlin)"},{"date":"2020-05-31","name":"Whit Sunday (regional holiday)"},{"date":"2020-09-20","name":"German World Children's Day (Thuringia)"},{"date":"2020-03-08","name":"International Women's Day (regional holiday)"},{"date":"2020-04-12","name":"Easter Sunday (regional holiday)"}]},{"year":2021,"holidays":[{"date":"2021-01-01","name":"New Year's Day"},{"date":"2021-02-14","name":"Valentine's Day"},{"date":"2021-02-15","name":"Shrove Monday"},{"date":"2021-03-28","name":"Daylight Saving Time starts"},{"date":"2021-03-28","name":"Palm Sunday"},{"date":"2021-04-01","name":"Maundy Thursday"},{"date":"2021-04-02","name":"Good Friday"},{"date":"2021-04-05","name":"Easter Monday"},{"date":"2021-05-01","name":"May Day"},{"date":"2021-05-09","name":"Mother's Day"},{"date":"2021-05-13","name":"Ascension Day"},{"date":"2021-05-13","name":"Father's Day"},{"date":"2021-05-24","name":"Whit Monday"},{"date":"2021-10-03","name":"Day of German Unity"},{"date":"2021-10-31","name":"Daylight Saving Time ends"},{"date":"2021-10-31","name":"Halloween"},{"date":"2021-11-11","name":"St. Martin's Day"},{"date":"2021-11-14","name":"National Day of Mourning"},{"date":"2021-11-21","name":"Sunday of the Dead"},{"date":"2021-11-28","name":"First Advent Sunday"},{"date":"2021-12-05","name":"Second Advent Sunday"},{"date":"2021-12-06","name":"Saint Nicholas Day"},{"date":"2021-12-12","name":"Third Advent Sunday"},{"date":"2021-12-19","name":"Fourth Advent Sunday"},{"date":"2021-12-24","name":"Christmas Eve"},{"date":"2021-12-25","name":"Christmas Day"},{"date":"2021-12-26","name":"Boxing Day"},{"date":"2021-12-31","name":"New Year's Eve"},{"date":"2021-02-16","name":"Carnival \/ Shrove Tuesday"},{"date":"2021-02-17","name":"Carnival \/ Ash Wednesday"},{"date":"2021-11-01","name":"All Saints' Day (regional holiday)"},{"date":"2021-01-06","name":"Epiphany (regional holiday)"},{"date":"2021-08-08","name":"Peace Festival in Augsburg (Bavaria)"},{"date":"2021-10-31","name":"Reformation Day (regional holiday)"},{"date":"2021-11-17","name":"Repentance Day (Saxony)"},{"date":"2021-04-04","name":"Easter Sunday (regional holiday)"},{"date":"2021-05-08","name":"Anniversary of the End of World War II"},{"date":"2021-03-08","name":"International Women's Day (regional holiday)"},{"date":"2021-05-23","name":"Whit Sunday (regional holiday)"},{"date":"2021-06-03","name":"Corpus Christi (regional holiday)"},{"date":"2021-08-15","name":"Assumption of Mary (regional holiday)"},{"date":"2021-09-20","name":"German World Children's Day (Thuringia)"}]}]}]}