{"country_code":"GR","name":"Greece","timezones":["Europe\/Athens"],"location":{"lat":39,"lng":22},"google_calendar":[{"locale":"en","calendar":"en.greek#holiday@group.v.calendar.google.com","years":[{"year":2019,"holidays":[{"date":"2019-01-01","name":"New Year's Day"},{"date":"2019-01-06","name":"Epiphany"},{"date":"2019-01-30","name":"The Three Holy Hierarchs"},{"date":"2019-03-11","name":"Clean Monday"},{"date":"2019-03-25","name":"25th of March (national holiday)"},{"date":"2019-03-25","name":"Annunciation of the Lord"},{"date":"2019-05-01","name":"Labor Day \/ May Day"},{"date":"2019-07-24","name":"The Restoration of Democracy"},{"date":"2019-08-15","name":"Dormition of the Holy Virgin"},{"date":"2019-10-28","name":"The Ochi day"},{"date":"2019-11-17","name":"Polytechneio"},{"date":"2019-11-21","name":"Armed Forces Day"},{"date":"2019-12-25","name":"Christmas Day"},{"date":"2019-12-26","name":"Synaxis of the Mother of God"},{"date":"2019-04-26","name":"Orthodox Good Friday"},{"date":"2019-04-28","name":"Orthodox Easter Sunday"},{"date":"2019-04-29","name":"Orthodox Easter Monday"},{"date":"2019-06-17","name":"Orthodox Holy Spirit Monday"},{"date":"2019-06-16","name":"Orthodox Holy Spirit Sunday"},{"date":"2019-02-14","name":"Valentine's Day"}]},{"year":2020,"holidays":[{"date":"2020-01-01","name":"New Year's Day"},{"date":"2020-01-06","name":"Epiphany"},{"date":"2020-01-30","name":"The Three Holy Hierarchs"},{"date":"2020-03-02","name":"Clean Monday"},{"date":"2020-03-25","name":"25th of March (national holiday)"},{"date":"2020-03-25","name":"Annunciation of the Lord"},{"date":"2020-05-01","name":"Labor Day \/ May Day"},{"date":"2020-07-24","name":"The Restoration of Democracy"},{"date":"2020-08-15","name":"Dormition of the Holy Virgin"},{"date":"2020-10-28","name":"The Ochi day"},{"date":"2020-11-17","name":"Polytechneio"},{"date":"2020-11-21","name":"Armed Forces Day"},{"date":"2020-12-25","name":"Christmas Day"},{"date":"2020-12-26","name":"Synaxis of the Mother of God"},{"date":"2020-04-17","name":"Orthodox Good Friday"},{"date":"2020-04-19","name":"Orthodox Easter Sunday"},{"date":"2020-04-20","name":"Orthodox Easter Monday"},{"date":"2020-06-07","name":"Orthodox Holy Spirit Sunday"},{"date":"2020-06-08","name":"Orthodox Holy Spirit Monday"},{"date":"2020-02-14","name":"Valentine's Day"}]},{"year":2021,"holidays":[{"date":"2021-01-01","name":"New Year's Day"},{"date":"2021-01-06","name":"Epiphany"},{"date":"2021-01-30","name":"The Three Holy Hierarchs"},{"date":"2021-03-15","name":"Clean Monday"},{"date":"2021-03-25","name":"25th of March (national holiday)"},{"date":"2021-03-25","name":"Annunciation of the Lord"},{"date":"2021-05-01","name":"Labor Day \/ May Day"},{"date":"2021-07-24","name":"The Restoration of Democracy"},{"date":"2021-08-15","name":"Dormition of the Holy Virgin"},{"date":"2021-10-28","name":"The Ochi day"},{"date":"2021-11-17","name":"Polytechneio"},{"date":"2021-11-21","name":"Armed Forces Day"},{"date":"2021-12-25","name":"Christmas Day"},{"date":"2021-12-26","name":"Synaxis of the Mother of God"},{"date":"2021-04-30","name":"Orthodox Good Friday"},{"date":"2021-05-02","name":"Orthodox Easter Sunday"},{"date":"2021-05-03","name":"Orthodox Easter Monday"},{"date":"2021-06-20","name":"Orthodox Holy Spirit Sunday"},{"date":"2021-06-21","name":"Orthodox Holy Spirit Monday"},{"date":"2021-02-14","name":"Valentine's Day"}]}]}]}