{"country_code":"HT","name":"Haiti","timezones":["America\/Port-au-Prince"],"location":{"lat":19,"lng":-72.41666666},"google_calendar":[{"locale":"en","calendar":"en.ht#holiday@group.v.calendar.google.com","years":[{"year":2019,"holidays":[{"date":"2019-01-01","name":"New Year's Day\/Independence Day"},{"date":"2019-01-02","name":"Heroes\u2019 Day\/Ancestors\u2019 Day"},{"date":"2019-02-14","name":"Valentine's Day"},{"date":"2019-03-05","name":"Carnival\/Shrove Tuesday"},{"date":"2019-04-19","name":"Good Friday"},{"date":"2019-04-21","name":"Easter Sunday"},{"date":"2019-05-01","name":"Agriculture and Labor Day"},{"date":"2019-05-18","name":"Flag Day\/University Day"},{"date":"2019-05-26","name":"Mother's Day"},{"date":"2019-06-30","name":"Father's Day"},{"date":"2019-10-17","name":"Dessalines Day"},{"date":"2019-11-18","name":"Verti\u00e8res Day"},{"date":"2019-12-24","name":"Christmas Eve"},{"date":"2019-12-25","name":"Christmas Day"},{"date":"2019-12-31","name":"New Year's Eve"}]},{"year":2020,"holidays":[{"date":"2020-01-01","name":"New Year's Day\/Independence Day"},{"date":"2020-01-02","name":"Heroes\u2019 Day\/Ancestors\u2019 Day"},{"date":"2020-02-14","name":"Valentine's Day"},{"date":"2020-02-25","name":"Carnival\/Shrove Tuesday"},{"date":"2020-04-10","name":"Good Friday"},{"date":"2020-04-12","name":"Easter Sunday"},{"date":"2020-05-01","name":"Agriculture and Labor Day"},{"date":"2020-05-18","name":"Flag Day\/University Day"},{"date":"2020-05-31","name":"Mother's Day"},{"date":"2020-06-28","name":"Father's Day"},{"date":"2020-10-17","name":"Dessalines Day"},{"date":"2020-11-18","name":"Verti\u00e8res Day"},{"date":"2020-12-24","name":"Christmas Eve"},{"date":"2020-12-25","name":"Christmas Day"},{"date":"2020-12-31","name":"New Year's Eve"}]},{"year":2021,"holidays":[{"date":"2021-01-01","name":"New Year's Day\/Independence Day"},{"date":"2021-01-02","name":"Heroes\u2019 Day\/Ancestors\u2019 Day"},{"date":"2021-02-14","name":"Valentine's Day"},{"date":"2021-02-16","name":"Carnival\/Shrove Tuesday"},{"date":"2021-04-02","name":"Good Friday"},{"date":"2021-04-04","name":"Easter Sunday"},{"date":"2021-05-01","name":"Agriculture and Labor Day"},{"date":"2021-05-18","name":"Flag Day\/University Day"},{"date":"2021-05-30","name":"Mother's Day"},{"date":"2021-06-27","name":"Father's Day"},{"date":"2021-10-17","name":"Dessalines Day"},{"date":"2021-11-18","name":"Verti\u00e8res Day"},{"date":"2021-12-24","name":"Christmas Eve"},{"date":"2021-12-25","name":"Christmas Day"},{"date":"2021-12-31","name":"New Year's Eve"}]}]}]}