{"country_code":"KE","name":"Kenya","timezones":["Africa\/Nairobi"],"location":{"lat":1,"lng":38},"google_calendar":[{"locale":"en","calendar":"en.ke#holiday@group.v.calendar.google.com","years":[{"year":2019,"holidays":[{"date":"2019-01-01","name":"New Year's Day"},{"date":"2019-04-19","name":"Good Friday"},{"date":"2019-04-21","name":"Easter Sunday"},{"date":"2019-04-22","name":"Easter Monday"},{"date":"2019-05-01","name":"Labour Day\/May Day"},{"date":"2019-05-12","name":"Mother's Day"},{"date":"2019-06-01","name":"Madaraka Day"},{"date":"2019-08-12","name":"Eid al-Adha"},{"date":"2019-10-10","name":"Moi Day"},{"date":"2019-10-20","name":"Mashujaa Day"},{"date":"2019-10-21","name":"Mashujaa Day observed"},{"date":"2019-12-12","name":"Jamhuri Day"},{"date":"2019-12-24","name":"Christmas Eve"},{"date":"2019-12-25","name":"Christmas Day"},{"date":"2019-12-26","name":"Boxing Day"},{"date":"2019-12-31","name":"New Year's Eve"},{"date":"2019-10-27","name":"Diwali"},{"date":"2019-06-05","name":"Eid al-Fitr"}]},{"year":2020,"holidays":[{"date":"2020-01-01","name":"New Year's Day"},{"date":"2020-04-10","name":"Good Friday"},{"date":"2020-04-12","name":"Easter Sunday"},{"date":"2020-04-13","name":"Easter Monday"},{"date":"2020-05-01","name":"Labour Day\/May Day"},{"date":"2020-05-10","name":"Mother's Day"},{"date":"2020-05-25","name":"Eid al-Fitr"},{"date":"2020-06-01","name":"Madaraka Day"},{"date":"2020-07-31","name":"Eid al-Adha"},{"date":"2020-10-10","name":"Moi Day"},{"date":"2020-10-20","name":"Mashujaa Day"},{"date":"2020-12-12","name":"Jamhuri Day"},{"date":"2020-12-24","name":"Christmas Eve"},{"date":"2020-12-25","name":"Christmas Day"},{"date":"2020-12-26","name":"Boxing Day"},{"date":"2020-12-31","name":"New Year's Eve"},{"date":"2020-11-14","name":"Diwali"},{"date":"2020-02-11","name":"President Moi Celebration of Life Day"}]},{"year":2021,"holidays":[{"date":"2021-01-01","name":"New Year's Day"},{"date":"2021-04-02","name":"Good Friday"},{"date":"2021-04-04","name":"Easter Sunday"},{"date":"2021-04-05","name":"Easter Monday"},{"date":"2021-05-01","name":"Labour Day\/May Day"},{"date":"2021-05-09","name":"Mother's Day"},{"date":"2021-05-14","name":"Eid al-Fitr"},{"date":"2021-06-01","name":"Madaraka Day"},{"date":"2021-07-20","name":"Eid al-Adha"},{"date":"2021-10-10","name":"Moi Day"},{"date":"2021-10-11","name":"Moi Day observed"},{"date":"2021-10-20","name":"Mashujaa Day"},{"date":"2021-12-12","name":"Jamhuri Day"},{"date":"2021-12-13","name":"Jamhuri Day observed"},{"date":"2021-12-24","name":"Christmas Eve"},{"date":"2021-12-25","name":"Christmas Day"},{"date":"2021-12-26","name":"Boxing Day"},{"date":"2021-12-31","name":"New Year's Eve"}]}]}]}