{"country_code":"MT","name":"Malta","timezones":["Europe\/Malta"],"location":{"lat":35.83333333,"lng":14.58333333},"google_calendar":[{"locale":"en","calendar":"en.mt#holiday@group.v.calendar.google.com","years":[{"year":2019,"holidays":[{"date":"2019-01-01","name":"New Year's Day"},{"date":"2019-02-10","name":"Feast of Saint Paul's Shipwreck"},{"date":"2019-03-19","name":"Feast of Saint Joseph"},{"date":"2019-03-31","name":"Freedom Day"},{"date":"2019-04-19","name":"Good Friday"},{"date":"2019-04-21","name":"Easter Sunday"},{"date":"2019-04-22","name":"Easter Monday"},{"date":"2019-05-01","name":"Labour Day\/May Day"},{"date":"2019-06-07","name":"Sette Giugno"},{"date":"2019-06-29","name":"Feast of Saints Peter and Paul"},{"date":"2019-08-15","name":"The Feast of Mary's Assumption"},{"date":"2019-09-08","name":"The Feast of Our Lady of Victories"},{"date":"2019-09-21","name":"Independence Day"},{"date":"2019-12-08","name":"Feast of the Immaculate Conception"},{"date":"2019-12-13","name":"Republic Day"},{"date":"2019-12-24","name":"Christmas Eve"},{"date":"2019-12-25","name":"Christmas Day"},{"date":"2019-12-26","name":"Boxing Day"},{"date":"2019-12-31","name":"New Year's Eve"},{"date":"2019-04-22","name":"Bank Holiday"},{"date":"2019-12-26","name":"Bank Holiday"}]},{"year":2020,"holidays":[{"date":"2020-01-01","name":"New Year's Day"},{"date":"2020-02-10","name":"Feast of Saint Paul's Shipwreck"},{"date":"2020-03-19","name":"Feast of Saint Joseph"},{"date":"2020-03-31","name":"Freedom Day"},{"date":"2020-04-10","name":"Good Friday"},{"date":"2020-04-12","name":"Easter Sunday"},{"date":"2020-04-13","name":"Easter Monday"},{"date":"2020-05-01","name":"Labour Day\/May Day"},{"date":"2020-06-07","name":"Sette Giugno"},{"date":"2020-06-29","name":"Feast of Saints Peter and Paul"},{"date":"2020-08-15","name":"The Feast of Mary's Assumption"},{"date":"2020-09-08","name":"The Feast of Our Lady of Victories"},{"date":"2020-09-21","name":"Independence Day"},{"date":"2020-12-08","name":"Feast of the Immaculate Conception"},{"date":"2020-12-13","name":"Republic Day"},{"date":"2020-12-24","name":"Christmas Eve"},{"date":"2020-12-25","name":"Christmas Day"},{"date":"2020-12-26","name":"Boxing Day"},{"date":"2020-12-31","name":"New Year's Eve"},{"date":"2020-04-13","name":"Bank Holiday"},{"date":"2020-12-26","name":"Bank Holiday"}]},{"year":2021,"holidays":[{"date":"2021-01-01","name":"New Year's Day"},{"date":"2021-02-10","name":"Feast of Saint Paul's Shipwreck"},{"date":"2021-03-19","name":"Feast of Saint Joseph"},{"date":"2021-03-31","name":"Freedom Day"},{"date":"2021-04-02","name":"Good Friday"},{"date":"2021-04-04","name":"Easter Sunday"},{"date":"2021-04-05","name":"Easter Monday"},{"date":"2021-05-01","name":"Labour Day\/May Day"},{"date":"2021-06-07","name":"Sette Giugno"},{"date":"2021-06-29","name":"Feast of Saints Peter and Paul"},{"date":"2021-08-15","name":"The Feast of Mary's Assumption"},{"date":"2021-09-08","name":"The Feast of Our Lady of Victories"},{"date":"2021-09-21","name":"Independence Day"},{"date":"2021-12-08","name":"Feast of the Immaculate Conception"},{"date":"2021-12-13","name":"Republic Day"},{"date":"2021-12-24","name":"Christmas Eve"},{"date":"2021-12-25","name":"Christmas Day"},{"date":"2021-12-26","name":"Boxing Day"},{"date":"2021-12-31","name":"New Year's Eve"},{"date":"2021-04-05","name":"Bank Holiday"},{"date":"2021-12-26","name":"Bank Holiday"}]}]}]}