{"country_code":"AR","name":"Argentina","timezones":["America\/Argentina\/Buenos_Aires","America\/Argentina\/Cordoba","America\/Argentina\/Salta","America\/Argentina\/Jujuy","America\/Argentina\/Tucuman","America\/Argentina\/Catamarca","America\/Argentina\/La_Rioja","America\/Argentina\/San_Juan","America\/Argentina\/Mendoza","America\/Argentina\/San_Luis","America\/Argentina\/Rio_Gallegos","America\/Argentina\/Ushuaia"],"location":{"lat":-34,"lng":-64},"google_calendar":[{"locale":"en","calendar":"en.ar#holiday@group.v.calendar.google.com","years":[{"year":2019,"holidays":[{"date":"2019-01-01","name":"New Year's Day"},{"date":"2019-03-24","name":"Memorial Day"},{"date":"2019-04-02","name":"Day of the Veterans"},{"date":"2019-04-18","name":"Maundy Thursday"},{"date":"2019-04-19","name":"Good Friday"},{"date":"2019-04-19","name":"Passover Eve"},{"date":"2019-04-20","name":"First day of Passover"},{"date":"2019-04-21","name":"Second Day of Passover"},{"date":"2019-04-24","name":"Action Day for Tolerance and Respect between People"},{"date":"2019-04-25","name":"Sixth Day of Passover"},{"date":"2019-04-26","name":"Seventh Day of Passover"},{"date":"2019-04-27","name":"Last day of Passover"},{"date":"2019-05-01","name":"Labor Day \/ May Day"},{"date":"2019-05-25","name":"National Day\/May 1810 Revolution"},{"date":"2019-06-17","name":"Commemoration of General Don Mart\u00edn Miguel de G\u00fcemes"},{"date":"2019-06-20","name":"Flag Day"},{"date":"2019-07-08","name":"Bridge Public Holiday"},{"date":"2019-07-09","name":"Independence day"},{"date":"2019-08-17","name":"San Mart\u00edn Day"},{"date":"2019-08-19","name":"Bridge Public Holiday"},{"date":"2019-10-12","name":"Day of respect for cultural diversity"},{"date":"2019-10-14","name":"Bridge Public Holiday"},{"date":"2019-11-18","name":"National Sovereignty Day"},{"date":"2019-12-08","name":"Feast of the Immaculate Conception"},{"date":"2019-12-25","name":"Christmas Day"},{"date":"2019-12-31","name":"New Year's Eve"},{"date":"2019-03-04","name":"Carnival \/ Shrove Monday"},{"date":"2019-03-05","name":"Carnival \/ Shrove Tuesday"},{"date":"2019-04-21","name":"Easter Sunday"}]},{"year":2020,"holidays":[{"date":"2020-01-01","name":"New Year's Day"},{"date":"2020-03-24","name":"Memorial Day"},{"date":"2020-04-08","name":"Passover Eve"},{"date":"2020-04-09","name":"Maundy Thursday"},{"date":"2020-04-09","name":"First day of Passover"},{"date":"2020-04-10","name":"Good Friday"},{"date":"2020-04-10","name":"Second Day of Passover"},{"date":"2020-04-14","name":"Sixth Day of Passover"},{"date":"2020-04-15","name":"Seventh Day of Passover"},{"date":"2020-04-16","name":"Last day of Passover"},{"date":"2020-04-24","name":"Action Day for Tolerance and Respect between People"},{"date":"2020-05-01","name":"Labor Day \/ May Day"},{"date":"2020-05-25","name":"National Day\/May 1810 Revolution"},{"date":"2020-06-20","name":"Flag Day"},{"date":"2020-07-09","name":"Independence day"},{"date":"2020-08-17","name":"San Mart\u00edn Day"},{"date":"2020-10-12","name":"Day of respect for cultural diversity"},{"date":"2020-11-23","name":"National Sovereignty Day"},{"date":"2020-12-08","name":"Feast of the Immaculate Conception"},{"date":"2020-12-25","name":"Christmas Day"},{"date":"2020-12-31","name":"New Year's Eve"},{"date":"2020-02-24","name":"Carnival \/ Shrove Monday"},{"date":"2020-02-25","name":"Carnival \/ Shrove Tuesday"},{"date":"2020-04-12","name":"Easter Sunday"},{"date":"2020-03-23","name":"Bridge Public Holiday"},{"date":"2020-07-10","name":"Bridge Public Holiday"},{"date":"2020-12-07","name":"Bridge Public Holiday"},{"date":"2020-06-15","name":"Commemoration of General Don Mart\u00edn Miguel de G\u00fcemes"},{"date":"2020-03-30","name":"Bridge Public Holiday"},{"date":"2020-03-31","name":"Holiday for Day of the Veterans"},{"date":"2020-04-02","name":"Day of the Veterans"}]},{"year":2021,"holidays":[{"date":"2021-01-01","name":"New Year's Day"},{"date":"2021-03-24","name":"Memorial Day"},{"date":"2021-03-27","name":"Passover Eve"},{"date":"2021-03-28","name":"First day of Passover"},{"date":"2021-03-29","name":"Second Day of Passover"},{"date":"2021-04-01","name":"Maundy Thursday"},{"date":"2021-04-02","name":"Good Friday"},{"date":"2021-04-02","name":"Day of the Veterans"},{"date":"2021-04-02","name":"Sixth Day of Passover"},{"date":"2021-04-03","name":"Seventh Day of Passover"},{"date":"2021-04-04","name":"Last day of Passover"},{"date":"2021-04-24","name":"Action Day for Tolerance and Respect between People"},{"date":"2021-05-01","name":"Labor Day \/ May Day"},{"date":"2021-05-25","name":"National Day\/May 1810 Revolution"},{"date":"2021-06-17","name":"Commemoration of General Don Mart\u00edn Miguel de G\u00fcemes"},{"date":"2021-06-20","name":"Flag Day"},{"date":"2021-07-09","name":"Independence day"},{"date":"2021-08-16","name":"San Mart\u00edn Day"},{"date":"2021-10-11","name":"Day of respect for cultural diversity"},{"date":"2021-11-22","name":"National Sovereignty Day"},{"date":"2021-12-08","name":"Feast of the Immaculate Conception"},{"date":"2021-12-25","name":"Christmas Day"},{"date":"2021-12-31","name":"New Year's Eve"},{"date":"2021-02-15","name":"Carnival \/ Shrove Monday"},{"date":"2021-02-16","name":"Carnival \/ Shrove Tuesday"},{"date":"2021-04-04","name":"Easter Sunday"}]}]}]}