{"country_code":"AU","name":"Australia","timezones":["Australia\/Lord_Howe","Antarctica\/Macquarie","Australia\/Hobart","Australia\/Currie","Australia\/Melbourne","Australia\/Sydney","Australia\/Broken_Hill","Australia\/Brisbane","Australia\/Lindeman","Australia\/Adelaide","Australia\/Darwin","Australia\/Perth","Australia\/Eucla"],"location":{"lat":-27,"lng":133},"google_calendar":[{"locale":"en","calendar":"en.australian#holiday@group.v.calendar.google.com","years":[{"year":2019,"holidays":[{"date":"2019-01-01","name":"New Year's Day"},{"date":"2019-01-26","name":"Australia Day"},{"date":"2019-03-21","name":"Harmony Day"},{"date":"2019-04-07","name":"Daylight Saving Time ends"},{"date":"2019-04-22","name":"Easter Monday"},{"date":"2019-10-06","name":"Daylight Saving Time starts"},{"date":"2019-11-11","name":"Remembrance Day"},{"date":"2019-08-05","name":"Northern Territory Picnic Day (Northern Territory)"},{"date":"2019-08-14","name":"Royal National Agricultural Show Day Queensland (Queensland)"},{"date":"2019-11-04","name":"Recreation Day (Tasmania)"},{"date":"2019-03-11","name":"Canberra Day (Australian Capital Territory)"},{"date":"2019-08-05","name":"New South Wales Bank Holiday (New South Wales)"},{"date":"2019-04-23","name":"Easter Tuesday (Tasmania)"},{"date":"2019-05-27","name":"Reconciliation Day (Australian Capital Territory)"},{"date":"2019-02-11","name":"Royal Hobart Regatta (Tasmania)"},{"date":"2019-03-11","name":"Adelaide Cup (South Australia)"},{"date":"2019-12-26","name":"Boxing Day (regional holiday)"},{"date":"2019-06-03","name":"Western Australia Day (Western Australia)"},{"date":"2019-11-05","name":"Melbourne Cup Day (Victoria)"},{"date":"2019-12-26","name":"Proclamation Day (South Australia)"},{"date":"2019-04-20","name":"Holy Saturday (regional holiday)"},{"date":"2019-04-25","name":"ANZAC Day"},{"date":"2019-12-25","name":"Christmas Day (Victoria)"},{"date":"2019-03-04","name":"Labour Day (Western Australia)"},{"date":"2019-10-07","name":"Queen's Birthday (Queensland)"},{"date":"2019-10-07","name":"May Day (regional holiday)"},{"date":"2019-01-28","name":"Australia Day Observed (regional holiday)"},{"date":"2019-03-11","name":"May Day (Victoria)"},{"date":"2019-04-06","name":"Self Determination Day (Cocos and Keeling Islands)"},{"date":"2019-04-19","name":"Good Friday (Victoria)"},{"date":"2019-03-06","name":"Foundation Day (Norfolk Island)"},{"date":"2019-03-11","name":"Eight Hours Day (Tasmania)"},{"date":"2019-04-25","name":"ANZAC Day Observed (Victoria)"},{"date":"2019-06-10","name":"Day off for Bounty Day (Norfolk Island)"},{"date":"2019-10-14","name":"Norfolk Island Agricultural Show Day (Norfolk Island)"},{"date":"2019-04-08","name":"Day off for Self Determination Day (Cocos and Keeling Islands)"},{"date":"2019-05-06","name":"May Day (regional holiday)"},{"date":"2019-06-05","name":"Hari Raya Puasa (regional holiday)"},{"date":"2019-06-17","name":"Queen's Birthday (Norfolk Island)"},{"date":"2019-10-07","name":"Territory Day (Christmas Island)"},{"date":"2019-02-05","name":"Chinese New Year (Christmas Island)"},{"date":"2019-09-27","name":"Friday before the AFL Grand Final (Victoria)"},{"date":"2019-09-30","name":"Queen's Birthday (Western Australia)"},{"date":"2019-11-09","name":"Hari Maulad Nabi (Cocos and Keeling Islands)"},{"date":"2019-11-27","name":"Thanksgiving Day (Norfolk Island)"},{"date":"2019-03-18","name":"Labour Day (Christmas Island)"},{"date":"2019-08-12","name":"Hari Raya Haji (regional holiday)"},{"date":"2019-02-06","name":"Chinese New Year (Day 2) (Christmas Island)"},{"date":"2019-06-08","name":"Bounty Day (Norfolk Island)"},{"date":"2019-06-10","name":"Queen's Birthday (regional holiday)"},{"date":"2019-04-21","name":"Easter Sunday (regional holiday)"},{"date":"2019-12-24","name":"Christmas Eve (regional holiday)"},{"date":"2019-12-31","name":"New Year's Eve (regional holiday)"}]},{"year":2020,"holidays":[{"date":"2020-01-01","name":"New Year's Day"},{"date":"2020-01-26","name":"Australia Day"},{"date":"2020-03-21","name":"Harmony Day"},{"date":"2020-04-05","name":"Daylight Saving Time ends"},{"date":"2020-04-13","name":"Easter Monday"},{"date":"2020-10-04","name":"Daylight Saving Time starts"},{"date":"2020-11-11","name":"Remembrance Day"},{"date":"2020-11-03","name":"Melbourne Cup Day (Victoria)"},{"date":"2020-12-26","name":"Boxing Day (regional holiday)"},{"date":"2020-02-10","name":"Royal Hobart Regatta (Tasmania)"},{"date":"2020-03-09","name":"Adelaide Cup (South Australia)"},{"date":"2020-06-01","name":"Western Australia Day (Western Australia)"},{"date":"2020-03-09","name":"Canberra Day (Australian Capital Territory)"},{"date":"2020-08-12","name":"Royal National Agricultural Show Day Queensland (Queensland)"},{"date":"2020-04-14","name":"Easter Tuesday (Tasmania)"},{"date":"2020-06-01","name":"Reconciliation Day (Australian Capital Territory)"},{"date":"2020-08-03","name":"New South Wales Bank Holiday (New South Wales)"},{"date":"2020-08-03","name":"Northern Territory Picnic Day (Northern Territory)"},{"date":"2020-11-02","name":"Recreation Day (Tasmania)"},{"date":"2020-12-28","name":"Proclamation Day (South Australia)"},{"date":"2020-04-27","name":"ANZAC Day Additional Public Holiday (Australian Capital Territory)"},{"date":"2020-04-11","name":"Holy Saturday (regional holiday)"},{"date":"2020-04-25","name":"ANZAC Day"},{"date":"2020-12-25","name":"Christmas Day (Victoria)"},{"date":"2020-03-16","name":"Labour Day (Christmas Island)"},{"date":"2020-05-24","name":"Hari Raya Puasa (regional holiday)"},{"date":"2020-09-25","name":"Friday before the AFL Grand Final (Victoria)"},{"date":"2020-10-05","name":"Territory Day (Christmas Island)"},{"date":"2020-10-12","name":"Norfolk Island Agricultural Show Day (Norfolk Island)"},{"date":"2020-10-29","name":"Hari Maulad Nabi (Cocos and Keeling Islands)"},{"date":"2020-11-25","name":"Thanksgiving Day (Norfolk Island)"},{"date":"2020-01-29","name":"Chinese New Year (Day 2) (Christmas Island)"},{"date":"2020-06-08","name":"Bounty Day (Norfolk Island)"},{"date":"2020-07-31","name":"Hari Raya Haji (regional holiday)"},{"date":"2020-09-28","name":"Queen's Birthday (Western Australia)"},{"date":"2020-03-09","name":"May Day (Victoria)"},{"date":"2020-05-04","name":"May Day (regional holiday)"},{"date":"2020-10-05","name":"Queen's Birthday (Queensland)"},{"date":"2020-12-28","name":"Boxing Day Observed (regional holiday)"},{"date":"2020-01-28","name":"Chinese New Year Observed (Christmas Island)"},{"date":"2020-03-02","name":"Labour Day (Western Australia)"},{"date":"2020-04-10","name":"Good Friday (Victoria)"},{"date":"2020-05-25","name":"Day off for Hari Raya Puasa (regional holiday)"},{"date":"2020-06-08","name":"Queen's Birthday (regional holiday)"},{"date":"2020-06-15","name":"Queen's Birthday (Norfolk Island)"},{"date":"2020-10-05","name":"May Day (regional holiday)"},{"date":"2020-03-09","name":"Eight Hours Day (Tasmania)"},{"date":"2020-04-06","name":"Self Determination Day (Cocos and Keeling Islands)"},{"date":"2020-01-27","name":"Australia Day Observed (regional holiday)"},{"date":"2020-03-06","name":"Foundation Day (Norfolk Island)"},{"date":"2020-04-25","name":"ANZAC Day Observed (Victoria)"},{"date":"2020-04-27","name":"ANZAC Day Observed (regional holiday)"},{"date":"2020-04-12","name":"Easter Sunday (regional holiday)"},{"date":"2020-12-24","name":"Christmas Eve (regional holiday)"},{"date":"2020-12-31","name":"New Year's Eve (regional holiday)"}]},{"year":2021,"holidays":[{"date":"2021-01-01","name":"New Year's Day"},{"date":"2021-01-26","name":"Australia Day"},{"date":"2021-03-21","name":"Harmony Day"},{"date":"2021-04-04","name":"Daylight Saving Time ends"},{"date":"2021-04-05","name":"Easter Monday"},{"date":"2021-10-03","name":"Daylight Saving Time starts"},{"date":"2021-11-11","name":"Remembrance Day"},{"date":"2021-03-08","name":"Adelaide Cup (South Australia)"},{"date":"2021-08-02","name":"Northern Territory Picnic Day (Northern Territory)"},{"date":"2021-08-11","name":"Royal National Agricultural Show Day Queensland (Queensland)"},{"date":"2021-11-02","name":"Melbourne Cup Day (Victoria)"},{"date":"2021-05-31","name":"Reconciliation Day (Australian Capital Territory)"},{"date":"2021-02-08","name":"Royal Hobart Regatta (Tasmania)"},{"date":"2021-06-07","name":"Western Australia Day (Western Australia)"},{"date":"2021-04-06","name":"Easter Tuesday (Tasmania)"},{"date":"2021-11-01","name":"Recreation Day (Tasmania)"},{"date":"2021-03-08","name":"Canberra Day (Australian Capital Territory)"},{"date":"2021-08-02","name":"New South Wales Bank Holiday (New South Wales)"},{"date":"2021-12-26","name":"Boxing Day (regional holiday)"},{"date":"2021-12-26","name":"Proclamation Day (South Australia)"},{"date":"2021-12-28","name":"Day off for Proclamation Day (South Australia)"},{"date":"2021-04-03","name":"Holy Saturday (regional holiday)"},{"date":"2021-12-25","name":"Christmas Day (Victoria)"},{"date":"2021-03-08","name":"May Day (Victoria)"},{"date":"2021-10-19","name":"Hari Maulad Nabi (Cocos and Keeling Islands)"},{"date":"2021-02-12","name":"Chinese New Year (Christmas Island)"},{"date":"2021-02-13","name":"Chinese New Year (Day 2) (Christmas Island)"},{"date":"2021-05-03","name":"May Day (regional holiday)"},{"date":"2021-06-08","name":"Bounty Day (Norfolk Island)"},{"date":"2021-09-27","name":"Queen's Birthday (Western Australia)"},{"date":"2021-04-06","name":"Self Determination Day (Cocos and Keeling Islands)"},{"date":"2021-04-25","name":"ANZAC Day Observed (Victoria)"},{"date":"2021-09-24","name":"Friday before the AFL Grand Final (Victoria)"},{"date":"2021-10-11","name":"Norfolk Island Agricultural Show Day (Norfolk Island)"},{"date":"2021-12-28","name":"Boxing Day Observed (regional holiday)"},{"date":"2021-10-04","name":"May Day (regional holiday)"},{"date":"2021-10-04","name":"Territory Day (Christmas Island)"},{"date":"2021-04-25","name":"ANZAC Day"},{"date":"2021-04-26","name":"ANZAC Day Observed (regional holiday)"},{"date":"2021-05-13","name":"Hari Raya Puasa (regional holiday)"},{"date":"2021-12-27","name":"Christmas Day Observed (regional holiday)"},{"date":"2021-03-01","name":"Labour Day (Western Australia)"},{"date":"2021-03-06","name":"Foundation Day (Norfolk Island)"},{"date":"2021-03-08","name":"Eight Hours Day (Tasmania)"},{"date":"2021-04-02","name":"Good Friday (Victoria)"},{"date":"2021-11-24","name":"Thanksgiving Day (Norfolk Island)"},{"date":"2021-07-20","name":"Hari Raya Haji (regional holiday)"},{"date":"2021-10-04","name":"Queen's Birthday (Queensland)"},{"date":"2021-04-04","name":"Easter Sunday (regional holiday)"},{"date":"2021-06-14","name":"Queen's Birthday (regional holiday)"},{"date":"2021-12-24","name":"Christmas Eve (regional holiday)"},{"date":"2021-12-31","name":"New Year's Eve (regional holiday)"}]}]}]}