{"country_code":"BJ","name":"Benin","timezones":["Africa\/Porto-Novo"],"location":{"lat":9.5,"lng":2.25},"google_calendar":[{"locale":"en","calendar":"en.bj#holiday@group.v.calendar.google.com","years":[{"year":2019,"holidays":[{"date":"2019-01-01","name":"New Year"},{"date":"2019-01-10","name":"Vodoun Festival"},{"date":"2019-04-22","name":"Easter Monday"},{"date":"2019-05-01","name":"Labour Day"},{"date":"2019-05-12","name":"Mother's Day"},{"date":"2019-05-30","name":"Ascension Day"},{"date":"2019-06-10","name":"Whit Monday"},{"date":"2019-06-16","name":"Father's Day"},{"date":"2019-08-01","name":"Independence Day"},{"date":"2019-11-01","name":"All Saints' Day"},{"date":"2019-12-25","name":"Christmas Day"},{"date":"2019-08-15","name":"Assumption of Mary"},{"date":"2019-06-04","name":"Korit\u00e9"},{"date":"2019-08-11","name":"Tabaski"},{"date":"2019-01-16","name":"Day of Remembrance"},{"date":"2019-02-28","name":"People's Sovereignty Day"},{"date":"2019-03-08","name":"Women's Day"},{"date":"2019-11-09","name":"Maouloud"}]},{"year":2020,"holidays":[{"date":"2020-01-01","name":"New Year"},{"date":"2020-01-10","name":"Vodoun Festival"},{"date":"2020-04-13","name":"Easter Monday"},{"date":"2020-05-01","name":"Labour Day"},{"date":"2020-05-10","name":"Mother's Day"},{"date":"2020-05-21","name":"Ascension Day"},{"date":"2020-05-24","name":"Korit\u00e9"},{"date":"2020-06-01","name":"Whit Monday"},{"date":"2020-06-21","name":"Father's Day"},{"date":"2020-07-31","name":"Tabaski"},{"date":"2020-08-01","name":"Independence Day"},{"date":"2020-10-29","name":"Maouloud"},{"date":"2020-11-01","name":"All Saints' Day"},{"date":"2020-12-25","name":"Christmas Day"},{"date":"2020-08-15","name":"Assumption of Mary"},{"date":"2020-01-16","name":"Day of Remembrance"},{"date":"2020-02-28","name":"People's Sovereignty Day"},{"date":"2020-03-08","name":"Women's Day"}]},{"year":2021,"holidays":[{"date":"2021-01-01","name":"New Year"},{"date":"2021-01-10","name":"Vodoun Festival"},{"date":"2021-04-05","name":"Easter Monday"},{"date":"2021-05-01","name":"Labour Day"},{"date":"2021-05-09","name":"Mother's Day"},{"date":"2021-05-13","name":"Ascension Day"},{"date":"2021-05-13","name":"Korit\u00e9"},{"date":"2021-05-24","name":"Whit Monday"},{"date":"2021-06-20","name":"Father's Day"},{"date":"2021-07-20","name":"Tabaski"},{"date":"2021-08-01","name":"Independence Day"},{"date":"2021-10-19","name":"Maouloud"},{"date":"2021-11-01","name":"All Saints' Day"},{"date":"2021-12-25","name":"Christmas Day"},{"date":"2021-08-15","name":"Assumption of Mary"},{"date":"2021-01-16","name":"Day of Remembrance"},{"date":"2021-02-28","name":"People's Sovereignty Day"},{"date":"2021-03-08","name":"Women's Day"}]}]}]}