{"country_code":"BR","name":"Brazil","timezones":["America\/Noronha","America\/Belem","America\/Fortaleza","America\/Recife","America\/Araguaina","America\/Maceio","America\/Bahia","America\/Sao_Paulo","America\/Campo_Grande","America\/Cuiaba","America\/Santarem","America\/Porto_Velho","America\/Boa_Vista","America\/Manaus","America\/Eirunepe","America\/Rio_Branco"],"location":{"lat":-10,"lng":-55},"google_calendar":[{"locale":"en","calendar":"en.brazilian#holiday@group.v.calendar.google.com","years":[{"year":2019,"holidays":[{"date":"2019-01-01","name":"New Year's Day"},{"date":"2019-03-02","name":"Carnival Saturday"},{"date":"2019-03-03","name":"Carnival Sunday"},{"date":"2019-03-04","name":"Carnival Monday"},{"date":"2019-03-05","name":"Carnival Tuesday"},{"date":"2019-03-06","name":"Carnival end (until 2pm)"},{"date":"2019-04-19","name":"Good Friday"},{"date":"2019-04-21","name":"Tiradentes Day"},{"date":"2019-04-21","name":"Easter Sunday"},{"date":"2019-05-01","name":"Labor Day \/ May Day"},{"date":"2019-05-12","name":"Mother's Day"},{"date":"2019-06-12","name":"Brazilian Valentine's Day"},{"date":"2019-06-20","name":"Corpus Christi"},{"date":"2019-08-11","name":"Father's Day"},{"date":"2019-09-07","name":"Independence Day"},{"date":"2019-10-15","name":"Teacher's Day"},{"date":"2019-10-28","name":"Public Service Holiday"},{"date":"2019-11-02","name":"All Souls' Day"},{"date":"2019-11-15","name":"Republic Proclamation Day"},{"date":"2019-11-20","name":"Black Consciousness Day"},{"date":"2019-12-24","name":"Christmas Eve (from 2pm)"},{"date":"2019-12-25","name":"Christmas Day"},{"date":"2019-12-31","name":"New Year's Eve (from 2pm)"},{"date":"2019-03-01","name":"Carnival Friday"},{"date":"2019-10-12","name":"Our Lady of Aparecida \/ Children's Day"}]},{"year":2020,"holidays":[{"date":"2020-01-01","name":"New Year's Day"},{"date":"2020-02-22","name":"Carnival Saturday"},{"date":"2020-02-23","name":"Carnival Sunday"},{"date":"2020-02-24","name":"Carnival Monday"},{"date":"2020-02-25","name":"Carnival Tuesday"},{"date":"2020-02-26","name":"Carnival end (until 2pm)"},{"date":"2020-04-10","name":"Good Friday"},{"date":"2020-04-12","name":"Easter Sunday"},{"date":"2020-04-21","name":"Tiradentes Day"},{"date":"2020-05-01","name":"Labor Day \/ May Day"},{"date":"2020-05-10","name":"Mother's Day"},{"date":"2020-06-11","name":"Corpus Christi"},{"date":"2020-06-12","name":"Brazilian Valentine's Day"},{"date":"2020-08-09","name":"Father's Day"},{"date":"2020-09-07","name":"Independence Day"},{"date":"2020-10-15","name":"Teacher's Day"},{"date":"2020-10-28","name":"Public Service Holiday"},{"date":"2020-11-02","name":"All Souls' Day"},{"date":"2020-11-15","name":"Republic Proclamation Day"},{"date":"2020-11-20","name":"Black Consciousness Day"},{"date":"2020-12-24","name":"Christmas Eve (from 2pm)"},{"date":"2020-12-25","name":"Christmas Day"},{"date":"2020-12-31","name":"New Year's Eve (from 2pm)"},{"date":"2020-02-21","name":"Carnival Friday"},{"date":"2020-10-12","name":"Our Lady of Aparecida \/ Children's Day"}]},{"year":2021,"holidays":[{"date":"2021-01-01","name":"New Year's Day"},{"date":"2021-02-13","name":"Carnival Saturday"},{"date":"2021-02-14","name":"Carnival Sunday"},{"date":"2021-02-15","name":"Carnival Monday"},{"date":"2021-02-16","name":"Carnival Tuesday"},{"date":"2021-02-17","name":"Carnival end (until 2pm)"},{"date":"2021-04-02","name":"Good Friday"},{"date":"2021-04-04","name":"Easter Sunday"},{"date":"2021-04-21","name":"Tiradentes Day"},{"date":"2021-05-01","name":"Labor Day \/ May Day"},{"date":"2021-05-09","name":"Mother's Day"},{"date":"2021-06-03","name":"Corpus Christi"},{"date":"2021-06-12","name":"Brazilian Valentine's Day"},{"date":"2021-08-08","name":"Father's Day"},{"date":"2021-09-07","name":"Independence Day"},{"date":"2021-10-15","name":"Teacher's Day"},{"date":"2021-10-28","name":"Public Service Holiday"},{"date":"2021-11-02","name":"All Souls' Day"},{"date":"2021-11-15","name":"Republic Proclamation Day"},{"date":"2021-11-20","name":"Black Consciousness Day"},{"date":"2021-12-24","name":"Christmas Eve (from 2pm)"},{"date":"2021-12-25","name":"Christmas Day"},{"date":"2021-12-31","name":"New Year's Eve (from 2pm)"},{"date":"2021-02-12","name":"Carnival Friday"},{"date":"2021-10-12","name":"Our Lady of Aparecida \/ Children's Day"}]}]}]}