{"country_code":"CF","name":"Central African Republic","timezones":["Africa\/Bangui"],"location":{"lat":7,"lng":21},"google_calendar":[{"locale":"en","calendar":"en.cf#holiday@group.v.calendar.google.com","years":[{"year":2019,"holidays":[{"date":"2019-01-01","name":"New Year"},{"date":"2019-03-29","name":"Commemoration of Boganda"},{"date":"2019-04-22","name":"Easter Monday"},{"date":"2019-05-01","name":"Labour Day"},{"date":"2019-05-30","name":"Ascension Day"},{"date":"2019-06-10","name":"Whit Monday"},{"date":"2019-06-30","name":"National Payer Day"},{"date":"2019-08-13","name":"Independence Day"},{"date":"2019-08-15","name":"Assumption of Mary"},{"date":"2019-11-01","name":"All Saints' Eve"},{"date":"2019-12-01","name":"Republic Day"},{"date":"2019-12-25","name":"Christmas Day"},{"date":"2019-06-04","name":"Eid al-Fitr"},{"date":"2019-08-11","name":"Eid al-Adha"}]},{"year":2020,"holidays":[{"date":"2020-01-01","name":"New Year"},{"date":"2020-03-29","name":"Commemoration of Boganda"},{"date":"2020-04-13","name":"Easter Monday"},{"date":"2020-05-01","name":"Labour Day"},{"date":"2020-05-21","name":"Ascension Day"},{"date":"2020-05-24","name":"Eid al-Fitr"},{"date":"2020-06-01","name":"Whit Monday"},{"date":"2020-06-30","name":"National Payer Day"},{"date":"2020-07-31","name":"Eid al-Adha"},{"date":"2020-08-13","name":"Independence Day"},{"date":"2020-08-15","name":"Assumption of Mary"},{"date":"2020-11-01","name":"All Saints' Eve"},{"date":"2020-12-01","name":"Republic Day"},{"date":"2020-12-25","name":"Christmas Day"}]},{"year":2021,"holidays":[{"date":"2021-01-01","name":"New Year"},{"date":"2021-03-29","name":"Commemoration of Boganda"},{"date":"2021-04-05","name":"Easter Monday"},{"date":"2021-05-01","name":"Labour Day"},{"date":"2021-05-13","name":"Ascension Day"},{"date":"2021-05-13","name":"Eid al-Fitr"},{"date":"2021-05-24","name":"Whit Monday"},{"date":"2021-06-30","name":"National Payer Day"},{"date":"2021-07-20","name":"Eid al-Adha"},{"date":"2021-08-13","name":"Independence Day"},{"date":"2021-08-15","name":"Assumption of Mary"},{"date":"2021-11-01","name":"All Saints' Eve"},{"date":"2021-12-01","name":"Republic Day"},{"date":"2021-12-25","name":"Christmas Day"}]}]}]}