{"country_code":"CL","name":"Chile","timezones":["America\/Santiago","Pacific\/Easter"],"location":{"lat":-30,"lng":-71},"google_calendar":[{"locale":"en","calendar":"en.cl#holiday@group.v.calendar.google.com","years":[{"year":2019,"holidays":[{"date":"2019-01-01","name":"New Year's Day"},{"date":"2019-04-18","name":"Maundy Thursday"},{"date":"2019-04-19","name":"Good Friday"},{"date":"2019-04-20","name":"Holy Saturday"},{"date":"2019-05-01","name":"Labor Day \/ May Day"},{"date":"2019-05-21","name":"Navy Day"},{"date":"2019-06-29","name":"Saint Peter and Saint Paul"},{"date":"2019-07-16","name":"Our Lady of Mount Carmel"},{"date":"2019-08-15","name":"Assumption of Mary"},{"date":"2019-09-18","name":"National Day"},{"date":"2019-09-19","name":"Army Day"},{"date":"2019-09-20","name":"Extended National Holiday"},{"date":"2019-10-12","name":"Columbus Day"},{"date":"2019-10-31","name":"Reformation Day"},{"date":"2019-11-01","name":"All Saints' Day"},{"date":"2019-12-08","name":"Inmaculate Conception Day"},{"date":"2019-12-25","name":"Christmas Day"},{"date":"2019-04-21","name":"Easter Sunday"}]},{"year":2020,"holidays":[{"date":"2020-01-01","name":"New Year's Day"},{"date":"2020-04-09","name":"Maundy Thursday"},{"date":"2020-04-10","name":"Good Friday"},{"date":"2020-04-11","name":"Holy Saturday"},{"date":"2020-05-01","name":"Labor Day \/ May Day"},{"date":"2020-05-21","name":"Navy Day"},{"date":"2020-06-29","name":"Saint Peter and Saint Paul"},{"date":"2020-07-16","name":"Our Lady of Mount Carmel"},{"date":"2020-08-15","name":"Assumption of Mary"},{"date":"2020-09-18","name":"National Day"},{"date":"2020-09-19","name":"Army Day"},{"date":"2020-10-12","name":"Columbus Day"},{"date":"2020-10-31","name":"Reformation Day"},{"date":"2020-11-01","name":"All Saints' Day"},{"date":"2020-12-08","name":"Inmaculate Conception Day"},{"date":"2020-12-25","name":"Christmas Day"},{"date":"2020-04-12","name":"Easter Sunday"}]},{"year":2021,"holidays":[{"date":"2021-01-01","name":"New Year's Day"},{"date":"2021-04-01","name":"Maundy Thursday"},{"date":"2021-04-02","name":"Good Friday"},{"date":"2021-04-03","name":"Holy Saturday"},{"date":"2021-05-01","name":"Labor Day \/ May Day"},{"date":"2021-05-21","name":"Navy Day"},{"date":"2021-06-28","name":"Saint Peter and Saint Paul"},{"date":"2021-07-16","name":"Our Lady of Mount Carmel"},{"date":"2021-08-15","name":"Assumption of Mary"},{"date":"2021-09-18","name":"National Day"},{"date":"2021-09-19","name":"Army Day"},{"date":"2021-10-11","name":"Columbus Day"},{"date":"2021-10-31","name":"Reformation Day"},{"date":"2021-11-01","name":"All Saints' Day"},{"date":"2021-12-08","name":"Inmaculate Conception Day"},{"date":"2021-12-25","name":"Christmas Day"},{"date":"2021-04-04","name":"Easter Sunday"}]}]}]}