{"country_code":"CM","name":"Cameroon","timezones":["Africa\/Douala"],"location":{"lat":6,"lng":12},"google_calendar":[{"locale":"en","calendar":"en.cm#holiday@group.v.calendar.google.com","years":[{"year":2019,"holidays":[{"date":"2019-01-01","name":"New Year's Day"},{"date":"2019-02-11","name":"Youth Day"},{"date":"2019-04-19","name":"Good Friday"},{"date":"2019-05-01","name":"Labour Day"},{"date":"2019-05-20","name":"National Day"},{"date":"2019-05-30","name":"Ascension Day"},{"date":"2019-08-15","name":"Assumption of Mary"},{"date":"2019-10-01","name":"Independence of Southern British Cameroons from UK"},{"date":"2019-11-10","name":"The Prophet's Birthday"},{"date":"2019-12-25","name":"Christmas Day"},{"date":"2019-06-04","name":"Eid al-Fitr"},{"date":"2019-08-11","name":"Eid al-Adha"},{"date":"2019-11-11","name":"The Prophet's Birthday observed"}]},{"year":2020,"holidays":[{"date":"2020-01-01","name":"New Year's Day"},{"date":"2020-02-11","name":"Youth Day"},{"date":"2020-04-10","name":"Good Friday"},{"date":"2020-05-01","name":"Labour Day"},{"date":"2020-05-20","name":"National Day"},{"date":"2020-05-21","name":"Ascension Day"},{"date":"2020-07-31","name":"Eid al-Adha"},{"date":"2020-08-15","name":"Assumption of Mary"},{"date":"2020-10-01","name":"Independence of Southern British Cameroons from UK"},{"date":"2020-10-29","name":"The Prophet's Birthday"},{"date":"2020-12-25","name":"Christmas Day"},{"date":"2020-05-24","name":"Eid al-Fitr"},{"date":"2020-05-25","name":"Eid al-Fitr observed"}]},{"year":2021,"holidays":[{"date":"2021-01-01","name":"New Year's Day"},{"date":"2021-02-11","name":"Youth Day"},{"date":"2021-04-02","name":"Good Friday"},{"date":"2021-05-01","name":"Labour Day"},{"date":"2021-05-13","name":"Ascension Day"},{"date":"2021-05-20","name":"National Day"},{"date":"2021-07-20","name":"Eid al-Adha"},{"date":"2021-08-15","name":"Assumption of Mary"},{"date":"2021-10-01","name":"Independence of Southern British Cameroons from UK"},{"date":"2021-10-19","name":"The Prophet's Birthday"},{"date":"2021-12-25","name":"Christmas Day"},{"date":"2021-08-16","name":"Assumption of Mary observed"},{"date":"2021-05-13","name":"Eid al-Fitr"}]}]}]}