{"country_code":"GB","name":"United Kingdom","timezones":["Europe\/London"],"location":{"lat":54,"lng":-2},"google_calendar":[{"locale":"en","calendar":"en.uk#holiday@group.v.calendar.google.com","years":[{"year":2019,"holidays":[{"date":"2019-01-01","name":"New Year's Day"},{"date":"2019-03-31","name":"Daylight Saving Time starts"},{"date":"2019-04-19","name":"Good Friday"},{"date":"2019-04-21","name":"Easter Sunday"},{"date":"2019-05-06","name":"Early May Bank Holiday"},{"date":"2019-05-27","name":"Spring Bank Holiday"},{"date":"2019-06-08","name":"Queen's Birthday"},{"date":"2019-10-27","name":"Daylight Saving Time ends"},{"date":"2019-10-31","name":"Halloween"},{"date":"2019-11-05","name":"Guy Fawkes Day"},{"date":"2019-11-10","name":"Remembrance Sunday"},{"date":"2019-12-25","name":"Christmas Day"},{"date":"2019-12-26","name":"Boxing Day"},{"date":"2019-03-01","name":"St. David's Day (Wales)"},{"date":"2019-03-17","name":"St Patrick's Day (Northern Ireland)"},{"date":"2019-03-18","name":"Day off for St Patrick's Day (Northern Ireland)"},{"date":"2019-07-12","name":"Battle of the Boyne (Northern Ireland)"},{"date":"2019-08-26","name":"Summer Bank Holiday (regional holiday)"},{"date":"2019-11-30","name":"St Andrew's Day (Scotland)"},{"date":"2019-12-02","name":"St Andrew's Day observed (Scotland)"},{"date":"2019-01-02","name":"2nd January (Scotland)"},{"date":"2019-08-05","name":"Summer Bank Holiday (Scotland)"},{"date":"2019-04-29","name":"St. George's Day"},{"date":"2019-04-22","name":"Easter Monday (regional holiday)"}]},{"year":2020,"holidays":[{"date":"2020-01-01","name":"New Year's Day"},{"date":"2020-03-29","name":"Daylight Saving Time starts"},{"date":"2020-04-10","name":"Good Friday"},{"date":"2020-04-12","name":"Easter Sunday"},{"date":"2020-04-23","name":"St. George's Day"},{"date":"2020-05-25","name":"Spring Bank Holiday"},{"date":"2020-06-13","name":"Queen's Birthday"},{"date":"2020-10-25","name":"Daylight Saving Time ends"},{"date":"2020-10-31","name":"Halloween"},{"date":"2020-11-05","name":"Guy Fawkes Day"},{"date":"2020-11-08","name":"Remembrance Sunday"},{"date":"2020-12-25","name":"Christmas Day"},{"date":"2020-12-26","name":"Boxing Day"},{"date":"2020-12-28","name":"Substitute Bank Holiday for Boxing Day"},{"date":"2020-01-02","name":"2nd January (Scotland)"},{"date":"2020-07-12","name":"Battle of the Boyne (Northern Ireland)"},{"date":"2020-07-13","name":"Battle of the Boyne observed (Northern Ireland)"},{"date":"2020-08-31","name":"Summer Bank Holiday (regional holiday)"},{"date":"2020-03-01","name":"St. David's Day (Wales)"},{"date":"2020-03-17","name":"St Patrick's Day (Northern Ireland)"},{"date":"2020-08-03","name":"Summer Bank Holiday (Scotland)"},{"date":"2020-11-30","name":"St Andrew's Day (Scotland)"},{"date":"2020-04-13","name":"Easter Monday (regional holiday)"},{"date":"2020-05-08","name":"Early May Bank Holiday \/ VE Day"}]},{"year":2021,"holidays":[{"date":"2021-01-01","name":"New Year's Day"},{"date":"2021-03-28","name":"Daylight Saving Time starts"},{"date":"2021-04-02","name":"Good Friday"},{"date":"2021-04-04","name":"Easter Sunday"},{"date":"2021-04-23","name":"St. George's Day"},{"date":"2021-05-03","name":"Early May Bank Holiday"},{"date":"2021-05-31","name":"Spring Bank Holiday"},{"date":"2021-06-12","name":"Queen's Birthday"},{"date":"2021-10-31","name":"Daylight Saving Time ends"},{"date":"2021-10-31","name":"Halloween"},{"date":"2021-11-05","name":"Guy Fawkes Day"},{"date":"2021-11-14","name":"Remembrance Sunday"},{"date":"2021-12-25","name":"Christmas Day"},{"date":"2021-12-26","name":"Boxing Day"},{"date":"2021-12-27","name":"Substitute Bank Holiday for Christmas Day"},{"date":"2021-12-28","name":"Substitute Bank Holiday for Boxing Day"},{"date":"2021-03-01","name":"St. David's Day (Wales)"},{"date":"2021-03-17","name":"St Patrick's Day (Northern Ireland)"},{"date":"2021-07-12","name":"Battle of the Boyne (Northern Ireland)"},{"date":"2021-08-02","name":"Summer Bank Holiday (Scotland)"},{"date":"2021-11-30","name":"St Andrew's Day (Scotland)"},{"date":"2021-01-04","name":"2nd January (substitute day) (Scotland)"},{"date":"2021-08-30","name":"Summer Bank Holiday (regional holiday)"},{"date":"2021-04-05","name":"Easter Monday (regional holiday)"}]}]}]}