{"country_code":"GT","name":"Guatemala","timezones":["America\/Guatemala"],"location":{"lat":15.5,"lng":-90.25},"google_calendar":[{"locale":"en","calendar":"en.gt#holiday@group.v.calendar.google.com","years":[{"year":2019,"holidays":[{"date":"2019-01-01","name":"New Year's Day"},{"date":"2019-04-18","name":"Maundy Thursday"},{"date":"2019-04-19","name":"Good Friday"},{"date":"2019-04-20","name":"Easter Saturday"},{"date":"2019-04-21","name":"Easter Sunday"},{"date":"2019-04-22","name":"Easter Monday"},{"date":"2019-09-15","name":"Independence Day"},{"date":"2019-11-01","name":"All Saints' Day"},{"date":"2019-12-24","name":"Christmas Eve"},{"date":"2019-12-25","name":"Christmas Day"},{"date":"2019-12-26","name":"Boxing Day"},{"date":"2019-12-31","name":"New Year's Eve"},{"date":"2019-10-12","name":"Dia de la raza"},{"date":"2019-04-29","name":"Labor Day Holiday"},{"date":"2019-05-01","name":"Labor Day"},{"date":"2019-06-30","name":"Army Day"},{"date":"2019-07-01","name":"Army Day Holiday"},{"date":"2019-07-02","name":"Bank Employee Day"},{"date":"2019-10-20","name":"Revolution of 1944"},{"date":"2019-10-21","name":"Revolution of 1944 Holiday"}]},{"year":2020,"holidays":[{"date":"2020-01-01","name":"New Year's Day"},{"date":"2020-04-09","name":"Maundy Thursday"},{"date":"2020-04-10","name":"Good Friday"},{"date":"2020-04-11","name":"Easter Saturday"},{"date":"2020-04-12","name":"Easter Sunday"},{"date":"2020-04-13","name":"Easter Monday"},{"date":"2020-06-30","name":"Army Day"},{"date":"2020-09-15","name":"Independence Day"},{"date":"2020-10-20","name":"Revolution of 1944"},{"date":"2020-11-01","name":"All Saints' Day"},{"date":"2020-12-24","name":"Christmas Eve"},{"date":"2020-12-25","name":"Christmas Day"},{"date":"2020-12-26","name":"Boxing Day"},{"date":"2020-12-31","name":"New Year's Eve"},{"date":"2020-10-12","name":"Dia de la raza"},{"date":"2020-05-01","name":"Labor Day"}]},{"year":2021,"holidays":[{"date":"2021-01-01","name":"New Year's Day"},{"date":"2021-04-01","name":"Maundy Thursday"},{"date":"2021-04-02","name":"Good Friday"},{"date":"2021-04-03","name":"Easter Saturday"},{"date":"2021-04-04","name":"Easter Sunday"},{"date":"2021-04-05","name":"Easter Monday"},{"date":"2021-06-30","name":"Army Day"},{"date":"2021-09-15","name":"Independence Day"},{"date":"2021-10-20","name":"Revolution of 1944"},{"date":"2021-11-01","name":"All Saints' Day"},{"date":"2021-12-24","name":"Christmas Eve"},{"date":"2021-12-25","name":"Christmas Day"},{"date":"2021-12-26","name":"Boxing Day"},{"date":"2021-12-31","name":"New Year's Eve"},{"date":"2021-10-12","name":"Dia de la raza"},{"date":"2021-05-01","name":"Labor Day"}]}]}]}