{"country_code":"IT","name":"Italy","timezones":["Europe\/Rome"],"location":{"lat":42.83333333,"lng":12.83333333},"google_calendar":[{"locale":"en","calendar":"en.italian#holiday@group.v.calendar.google.com","years":[{"year":2019,"holidays":[{"date":"2019-01-01","name":"New Year's Day"},{"date":"2019-01-06","name":"Epiphany"},{"date":"2019-04-19","name":"Good Friday"},{"date":"2019-04-22","name":"Easter Monday"},{"date":"2019-04-25","name":"Liberation Day"},{"date":"2019-05-01","name":"Labor Day \/ May Day"},{"date":"2019-06-02","name":"Republic Day"},{"date":"2019-11-01","name":"All Saints' Day"},{"date":"2019-12-08","name":"Feast of the Immaculate Conception"},{"date":"2019-12-25","name":"Christmas Day"},{"date":"2019-12-26","name":"St. Stephen's Day"},{"date":"2019-12-31","name":"New Year's Eve"},{"date":"2019-04-21","name":"Easter Sunday"},{"date":"2019-08-15","name":"Assumption of Mary"},{"date":"2019-08-15","name":"Ferragosto"}]},{"year":2020,"holidays":[{"date":"2020-01-01","name":"New Year's Day"},{"date":"2020-01-06","name":"Epiphany"},{"date":"2020-04-10","name":"Good Friday"},{"date":"2020-04-13","name":"Easter Monday"},{"date":"2020-04-25","name":"Liberation Day"},{"date":"2020-05-01","name":"Labor Day \/ May Day"},{"date":"2020-06-02","name":"Republic Day"},{"date":"2020-11-01","name":"All Saints' Day"},{"date":"2020-12-08","name":"Feast of the Immaculate Conception"},{"date":"2020-12-25","name":"Christmas Day"},{"date":"2020-12-26","name":"St. Stephen's Day"},{"date":"2020-12-31","name":"New Year's Eve"},{"date":"2020-04-12","name":"Easter Sunday"},{"date":"2020-08-15","name":"Assumption of Mary"},{"date":"2020-08-15","name":"Ferragosto"}]},{"year":2021,"holidays":[{"date":"2021-01-01","name":"New Year's Day"},{"date":"2021-01-06","name":"Epiphany"},{"date":"2021-04-02","name":"Good Friday"},{"date":"2021-04-05","name":"Easter Monday"},{"date":"2021-04-25","name":"Liberation Day"},{"date":"2021-05-01","name":"Labor Day \/ May Day"},{"date":"2021-06-02","name":"Republic Day"},{"date":"2021-11-01","name":"All Saints' Day"},{"date":"2021-12-08","name":"Feast of the Immaculate Conception"},{"date":"2021-12-25","name":"Christmas Day"},{"date":"2021-12-26","name":"St. Stephen's Day"},{"date":"2021-12-31","name":"New Year's Eve"},{"date":"2021-04-04","name":"Easter Sunday"},{"date":"2021-08-15","name":"Assumption of Mary"},{"date":"2021-08-15","name":"Ferragosto"}]}]}]}