{"country_code":"JM","name":"Jamaica","timezones":["America\/Jamaica"],"location":{"lat":18.25,"lng":-77.5},"google_calendar":[{"locale":"en","calendar":"en.jm#holiday@group.v.calendar.google.com","years":[{"year":2019,"holidays":[{"date":"2019-01-01","name":"New Year's Day"},{"date":"2019-02-14","name":"Valentine's Day"},{"date":"2019-03-06","name":"Ash Wednesday"},{"date":"2019-04-19","name":"Good Friday"},{"date":"2019-04-21","name":"Easter Sunday"},{"date":"2019-04-22","name":"Easter Monday"},{"date":"2019-05-12","name":"Mother's Day"},{"date":"2019-05-23","name":"Labor Day \/ May Day"},{"date":"2019-06-16","name":"Father's Day"},{"date":"2019-08-01","name":"Emancipation Day"},{"date":"2019-08-06","name":"Independence Day"},{"date":"2019-10-21","name":"National Heroes' Day"},{"date":"2019-12-24","name":"Christmas Eve"},{"date":"2019-12-25","name":"Christmas Day"},{"date":"2019-12-26","name":"Boxing Day"},{"date":"2019-12-31","name":"New Year's Eve"}]},{"year":2020,"holidays":[{"date":"2020-01-01","name":"New Year's Day"},{"date":"2020-02-14","name":"Valentine's Day"},{"date":"2020-02-26","name":"Ash Wednesday"},{"date":"2020-04-10","name":"Good Friday"},{"date":"2020-04-12","name":"Easter Sunday"},{"date":"2020-04-13","name":"Easter Monday"},{"date":"2020-05-10","name":"Mother's Day"},{"date":"2020-05-23","name":"Labor Day \/ May Day"},{"date":"2020-05-25","name":"Labor Day \/ May Day observed"},{"date":"2020-06-21","name":"Father's Day"},{"date":"2020-08-01","name":"Emancipation Day"},{"date":"2020-08-06","name":"Independence Day"},{"date":"2020-10-19","name":"National Heroes' Day"},{"date":"2020-12-24","name":"Christmas Eve"},{"date":"2020-12-25","name":"Christmas Day"},{"date":"2020-12-26","name":"Boxing Day"},{"date":"2020-12-31","name":"New Year's Eve"}]},{"year":2021,"holidays":[{"date":"2021-01-01","name":"New Year's Day"},{"date":"2021-02-14","name":"Valentine's Day"},{"date":"2021-02-17","name":"Ash Wednesday"},{"date":"2021-04-02","name":"Good Friday"},{"date":"2021-04-04","name":"Easter Sunday"},{"date":"2021-04-05","name":"Easter Monday"},{"date":"2021-05-09","name":"Mother's Day"},{"date":"2021-05-23","name":"Labor Day \/ May Day"},{"date":"2021-05-24","name":"Labor Day \/ May Day observed"},{"date":"2021-06-20","name":"Father's Day"},{"date":"2021-08-01","name":"Emancipation Day"},{"date":"2021-08-02","name":"Emancipation Day observed"},{"date":"2021-08-06","name":"Independence Day"},{"date":"2021-10-18","name":"National Heroes' Day"},{"date":"2021-12-24","name":"Christmas Eve"},{"date":"2021-12-25","name":"Christmas Day"},{"date":"2021-12-26","name":"Boxing Day"},{"date":"2021-12-31","name":"New Year's Eve"}]}]}]}