{"country_code":"JO","name":"Jordan","timezones":["Asia\/Amman"],"location":{"lat":31,"lng":36},"google_calendar":[{"locale":"en","calendar":"en.jo#holiday@group.v.calendar.google.com","years":[{"year":2019,"holidays":[{"date":"2019-01-01","name":"New Year's Day"},{"date":"2019-04-02","name":"Al Isra' wal Miraj"},{"date":"2019-04-19","name":"Good Friday"},{"date":"2019-04-22","name":"Easter Monday"},{"date":"2019-04-28","name":"Orthodox Easter Day"},{"date":"2019-05-01","name":"Labour Day"},{"date":"2019-05-06","name":"Ramadan begins"},{"date":"2019-05-25","name":"Independence Day"},{"date":"2019-12-25","name":"Christmas Day"},{"date":"2019-04-14","name":"Palm Sunday"},{"date":"2019-12-26","name":"Boxing Day"},{"date":"2019-04-21","name":"Easter Sunday"},{"date":"2019-04-29","name":"Orthodox Easter Monday"},{"date":"2019-06-09","name":"20th Anniversary of King Abdullah\u2019s Coronation"},{"date":"2019-06-04","name":"Eid al-Fitr"},{"date":"2019-06-05","name":"Eid al-Fitr holiday"},{"date":"2019-06-06","name":"Eid al-Fitr holiday"},{"date":"2019-06-07","name":"Eid al-Fitr holiday"},{"date":"2019-08-10","name":"Eid al-Adha holiday"},{"date":"2019-08-11","name":"Eid al-Adha"},{"date":"2019-08-12","name":"Eid al-Adha holiday"},{"date":"2019-08-13","name":"Eid al-Adha holiday"},{"date":"2019-08-14","name":"Eid al-Adha holiday"},{"date":"2019-08-31","name":"Muharram\/New Year"},{"date":"2019-11-09","name":"Prophet's Birthday"}]},{"year":2020,"holidays":[{"date":"2020-01-01","name":"New Year's Day"},{"date":"2020-03-21","name":"Al Isra' wal Miraj"},{"date":"2020-04-10","name":"Good Friday"},{"date":"2020-04-13","name":"Easter Monday"},{"date":"2020-04-19","name":"Orthodox Easter Day"},{"date":"2020-04-24","name":"Ramadan begins"},{"date":"2020-05-01","name":"Labour Day"},{"date":"2020-05-24","name":"Eid al-Fitr"},{"date":"2020-05-25","name":"Independence Day"},{"date":"2020-05-25","name":"Eid al-Fitr holiday"},{"date":"2020-05-26","name":"Eid al-Fitr holiday"},{"date":"2020-05-27","name":"Eid al-Fitr holiday"},{"date":"2020-07-31","name":"Eid al-Adha"},{"date":"2020-08-20","name":"Muharram\/New Year"},{"date":"2020-10-29","name":"Prophet's Birthday"},{"date":"2020-12-25","name":"Christmas Day"},{"date":"2020-08-03","name":"Eid al-Adha holiday"},{"date":"2020-04-05","name":"Palm Sunday"},{"date":"2020-08-01","name":"Eid al-Adha holiday"},{"date":"2020-08-02","name":"Eid al-Adha holiday"},{"date":"2020-12-26","name":"Boxing Day"},{"date":"2020-04-12","name":"Easter Sunday"},{"date":"2020-04-20","name":"Orthodox Easter Monday"},{"date":"2020-08-04","name":"Eid al-Adha holiday"},{"date":"2020-04-01","name":"Public Holiday"},{"date":"2020-04-02","name":"Public Holiday"},{"date":"2020-04-03","name":"Public Holiday"},{"date":"2020-04-04","name":"Public Holiday"},{"date":"2020-04-05","name":"Public Holiday"},{"date":"2020-04-06","name":"Public Holiday"},{"date":"2020-04-07","name":"Public Holiday"},{"date":"2020-04-08","name":"Public Holiday"},{"date":"2020-04-09","name":"Public Holiday"},{"date":"2020-04-10","name":"Public Holiday"},{"date":"2020-04-11","name":"Public Holiday"},{"date":"2020-04-12","name":"Public Holiday"},{"date":"2020-04-13","name":"Public Holiday"},{"date":"2020-04-14","name":"Public Holiday"},{"date":"2020-04-15","name":"Public Holiday"},{"date":"2020-04-16","name":"Public Holiday"},{"date":"2020-04-17","name":"Public Holiday"},{"date":"2020-04-18","name":"Public Holiday"},{"date":"2020-04-19","name":"Public Holiday"},{"date":"2020-04-20","name":"Public Holiday"},{"date":"2020-04-21","name":"Public Holiday"},{"date":"2020-04-22","name":"Public Holiday"},{"date":"2020-04-23","name":"Public Holiday"},{"date":"2020-04-24","name":"Public Holiday"},{"date":"2020-04-25","name":"Public Holiday"},{"date":"2020-04-26","name":"Public Holiday"},{"date":"2020-04-27","name":"Public Holiday"},{"date":"2020-04-28","name":"Public Holiday"},{"date":"2020-04-29","name":"Public Holiday"},{"date":"2020-04-30","name":"Public Holiday"},{"date":"2020-05-01","name":"Public Holiday"},{"date":"2020-05-02","name":"Public Holiday"},{"date":"2020-05-03","name":"Public Holiday"},{"date":"2020-05-04","name":"Public Holiday"},{"date":"2020-05-05","name":"Public Holiday"},{"date":"2020-05-06","name":"Public Holiday"},{"date":"2020-05-07","name":"Public Holiday"},{"date":"2020-05-08","name":"Public Holiday"},{"date":"2020-05-09","name":"Public Holiday"},{"date":"2020-05-10","name":"Public Holiday"},{"date":"2020-05-11","name":"Public Holiday"},{"date":"2020-05-12","name":"Public Holiday"},{"date":"2020-05-13","name":"Public Holiday"},{"date":"2020-05-14","name":"Public Holiday"},{"date":"2020-05-15","name":"Public Holiday"},{"date":"2020-05-16","name":"Public Holiday"},{"date":"2020-05-17","name":"Public Holiday"},{"date":"2020-05-18","name":"Public Holiday"},{"date":"2020-05-19","name":"Public Holiday"},{"date":"2020-05-20","name":"Public Holiday"},{"date":"2020-05-21","name":"Public Holiday"},{"date":"2020-05-22","name":"Public Holiday"},{"date":"2020-05-23","name":"Public Holiday"},{"date":"2020-05-24","name":"Public Holiday"}]},{"year":2021,"holidays":[{"date":"2021-01-01","name":"New Year's Day"},{"date":"2021-03-10","name":"Al Isra' wal Miraj"},{"date":"2021-04-02","name":"Good Friday"},{"date":"2021-04-05","name":"Easter Monday"},{"date":"2021-04-13","name":"Ramadan begins"},{"date":"2021-05-01","name":"Labour Day"},{"date":"2021-05-02","name":"Orthodox Easter Day"},{"date":"2021-05-13","name":"Eid al-Fitr"},{"date":"2021-05-14","name":"Eid al-Fitr holiday"},{"date":"2021-05-15","name":"Eid al-Fitr holiday"},{"date":"2021-05-16","name":"Eid al-Fitr holiday"},{"date":"2021-05-25","name":"Independence Day"},{"date":"2021-07-20","name":"Eid al-Adha"},{"date":"2021-08-10","name":"Muharram\/New Year"},{"date":"2021-10-19","name":"Prophet's Birthday"},{"date":"2021-12-25","name":"Christmas Day"},{"date":"2021-03-28","name":"Palm Sunday"},{"date":"2021-07-21","name":"Eid al-Adha holiday"},{"date":"2021-07-22","name":"Eid al-Adha holiday"},{"date":"2021-12-26","name":"Boxing Day"},{"date":"2021-07-23","name":"Eid al-Adha holiday"},{"date":"2021-04-04","name":"Easter Sunday"},{"date":"2021-05-03","name":"Orthodox Easter Monday"},{"date":"2021-07-24","name":"Eid al-Adha holiday"}]}]}]}