{"country_code":"MF","name":"Saint Martin","timezones":["America\/Marigot"],"location":{"lat":18.08333333,"lng":-63.95},"google_calendar":[{"locale":"en","calendar":"en.mf#holiday@group.v.calendar.google.com","years":[{"year":2019,"holidays":[{"date":"2019-01-01","name":"New Year's Day"},{"date":"2019-04-19","name":"Good Friday"},{"date":"2019-04-21","name":"Easter Day"},{"date":"2019-04-22","name":"Easter Monday"},{"date":"2019-05-01","name":"Labor Day \/ May Day"},{"date":"2019-05-30","name":"Ascension Day"},{"date":"2019-06-09","name":"Whit Sunday"},{"date":"2019-11-11","name":"Saint Martin's Day"},{"date":"2019-12-25","name":"Christmas Day"},{"date":"2019-12-26","name":"Boxing Day"},{"date":"2019-06-10","name":"Whit Monday"},{"date":"2019-07-14","name":"French National Day"},{"date":"2019-05-28","name":"Abolition Day"},{"date":"2019-08-15","name":"Assumption of Mary"},{"date":"2019-12-31","name":"New Year's Eve"}]},{"year":2020,"holidays":[{"date":"2020-01-01","name":"New Year's Day"},{"date":"2020-04-10","name":"Good Friday"},{"date":"2020-04-12","name":"Easter Day"},{"date":"2020-04-13","name":"Easter Monday"},{"date":"2020-05-01","name":"Labor Day \/ May Day"},{"date":"2020-05-21","name":"Ascension Day"},{"date":"2020-05-31","name":"Whit Sunday"},{"date":"2020-11-11","name":"Saint Martin's Day"},{"date":"2020-12-25","name":"Christmas Day"},{"date":"2020-12-26","name":"Boxing Day"},{"date":"2020-06-01","name":"Whit Monday"},{"date":"2020-07-14","name":"French National Day"},{"date":"2020-08-15","name":"Assumption of Mary"},{"date":"2020-12-31","name":"New Year's Eve"},{"date":"2020-05-27","name":"Abolition Day"}]},{"year":2021,"holidays":[{"date":"2021-01-01","name":"New Year's Day"},{"date":"2021-04-02","name":"Good Friday"},{"date":"2021-04-04","name":"Easter Day"},{"date":"2021-04-05","name":"Easter Monday"},{"date":"2021-05-01","name":"Labor Day \/ May Day"},{"date":"2021-05-13","name":"Ascension Day"},{"date":"2021-05-23","name":"Whit Sunday"},{"date":"2021-11-11","name":"Saint Martin's Day"},{"date":"2021-12-25","name":"Christmas Day"},{"date":"2021-12-26","name":"Boxing Day"},{"date":"2021-05-24","name":"Whit Monday"},{"date":"2021-07-14","name":"French National Day"},{"date":"2021-08-15","name":"Assumption of Mary"},{"date":"2021-12-31","name":"New Year's Eve"},{"date":"2021-05-27","name":"Abolition Day"}]}]}]}