{"country_code":"MQ","name":"Martinique","timezones":["America\/Martinique"],"location":{"lat":14.666667,"lng":-61},"google_calendar":[{"locale":"en","calendar":"en.mq#holiday@group.v.calendar.google.com","years":[{"year":2019,"holidays":[{"date":"2019-01-01","name":"New Year"},{"date":"2019-04-22","name":"Easter Monday"},{"date":"2019-05-01","name":"Labor Day"},{"date":"2019-05-08","name":"Victory Day"},{"date":"2019-05-30","name":"Ascension Day"},{"date":"2019-06-10","name":"Whit Monday"},{"date":"2019-07-14","name":"Bastille Day"},{"date":"2019-08-15","name":"Assumption of Mary"},{"date":"2019-11-11","name":"Armistice Day"},{"date":"2019-12-25","name":"Christmas Day"},{"date":"2019-03-04","name":"Carnival \/ Shrove Monday"},{"date":"2019-03-05","name":"Carnival \/ Shrove Tuesday"},{"date":"2019-03-06","name":"Carnival \/ Ash Wednesday"},{"date":"2019-11-01","name":"All Saints' Day"},{"date":"2019-12-31","name":"New Year's Eve"}]},{"year":2020,"holidays":[{"date":"2020-01-01","name":"New Year"},{"date":"2020-04-13","name":"Easter Monday"},{"date":"2020-05-01","name":"Labor Day"},{"date":"2020-05-08","name":"Victory Day"},{"date":"2020-05-21","name":"Ascension Day"},{"date":"2020-06-01","name":"Whit Monday"},{"date":"2020-07-14","name":"Bastille Day"},{"date":"2020-08-15","name":"Assumption of Mary"},{"date":"2020-11-11","name":"Armistice Day"},{"date":"2020-12-25","name":"Christmas Day"},{"date":"2020-02-24","name":"Carnival \/ Shrove Monday"},{"date":"2020-02-25","name":"Carnival \/ Shrove Tuesday"},{"date":"2020-02-26","name":"Carnival \/ Ash Wednesday"},{"date":"2020-12-31","name":"New Year's Eve"},{"date":"2020-11-01","name":"All Saints' Day"}]},{"year":2021,"holidays":[{"date":"2021-01-01","name":"New Year"},{"date":"2021-04-05","name":"Easter Monday"},{"date":"2021-05-01","name":"Labor Day"},{"date":"2021-05-08","name":"Victory Day"},{"date":"2021-05-13","name":"Ascension Day"},{"date":"2021-05-24","name":"Whit Monday"},{"date":"2021-07-14","name":"Bastille Day"},{"date":"2021-08-15","name":"Assumption of Mary"},{"date":"2021-11-11","name":"Armistice Day"},{"date":"2021-12-25","name":"Christmas Day"},{"date":"2021-02-15","name":"Carnival \/ Shrove Monday"},{"date":"2021-02-16","name":"Carnival \/ Shrove Tuesday"},{"date":"2021-02-17","name":"Carnival \/ Ash Wednesday"},{"date":"2021-11-01","name":"All Saints' Day"},{"date":"2021-12-31","name":"New Year's Eve"}]}]}]}