{"country_code":"MY","name":"Malaysia","timezones":["Asia\/Kuala_Lumpur","Asia\/Kuching"],"location":{"lat":2.5,"lng":112.5},"google_calendar":[{"locale":"en","calendar":"en.malaysia#holiday@group.v.calendar.google.com","years":[{"year":2019,"holidays":[{"date":"2019-02-05","name":"Chinese Lunar New Year's Day"},{"date":"2019-02-14","name":"Valentine's Day"},{"date":"2019-04-21","name":"Easter Sunday"},{"date":"2019-05-01","name":"Labour Day"},{"date":"2019-05-19","name":"Wesak Day"},{"date":"2019-05-20","name":"Wesak Day observed"},{"date":"2019-06-05","name":"Hari Raya Puasa"},{"date":"2019-06-06","name":"Hari Raya Puasa Day 2"},{"date":"2019-08-11","name":"Hari Raya Haji"},{"date":"2019-08-31","name":"Malaysia's National Day"},{"date":"2019-09-01","name":"Muharram\/New Year"},{"date":"2019-09-09","name":"The Yang di-Pertuan Agong's Birthday"},{"date":"2019-09-16","name":"Malaysia Day"},{"date":"2019-11-09","name":"The Prophet Muhammad's Birthday"},{"date":"2019-12-24","name":"Christmas Eve"},{"date":"2019-12-25","name":"Christmas Day"},{"date":"2019-12-31","name":"New Year's Eve"},{"date":"2019-06-02","name":"Gawai Dayak Holiday (Sarawak)"},{"date":"2019-10-11","name":"Birthday of the Governor of Malacca (Malacca)"},{"date":"2019-12-11","name":"Birthday of the Sultan of Selangor (Selangor)"},{"date":"2019-04-27","name":"Birthday of the Sultan of Terengganu (Terengganu)"},{"date":"2019-10-24","name":"Birthday of the Sultan of Pahang (Pahang)"},{"date":"2019-11-12","name":"Birthday of the Sultan of Kelantan (Day 2) (Kelantan)"},{"date":"2019-05-07","name":"Pahang State Holiday (Pahang)"},{"date":"2019-10-28","name":"Diwali\/Deepavali (regional holiday)"},{"date":"2019-11-11","name":"Birthday of the Sultan of Kelantan (Kelantan)"},{"date":"2019-04-19","name":"Good Friday (regional holiday)"},{"date":"2019-06-01","name":"Gawai Dayak (Sarawak)"},{"date":"2019-07-22","name":"Sarawak Independence Day (Sarawak)"},{"date":"2019-10-05","name":"Birthday of the Governor of Sabah (Sabah)"},{"date":"2019-10-12","name":"Birthday of the Governor of Sarawak (Sarawak)"},{"date":"2019-11-01","name":"Birthday of the Sultan of Perak (Perak)"},{"date":"2019-07-07","name":"George Town World Heritage City Day (Penang)"},{"date":"2019-08-12","name":"Hari Raya Haji (Day 2) (regional holiday)"},{"date":"2019-10-05","name":"Almarhum Sultan Iskandar Hol Day (Johor)"},{"date":"2019-01-14","name":"Birthday of Yang di-Pertuan Besar (Negeri Sembilan)"},{"date":"2019-03-04","name":"Anniversary of the coronation of the Sultan of Terengganu (Terengganu)"},{"date":"2019-04-15","name":"Declaration of Malacca as Historical City (Malacca)"},{"date":"2019-07-13","name":"Penang Governor's Birthday (Penang)"},{"date":"2019-02-01","name":"Federal Territory Day (regional holiday)"},{"date":"2019-03-23","name":"Birthday of the Sultan of Johor (Johor)"},{"date":"2019-06-03","name":"Gawai Dayak Holiday observed (Sarawak)"},{"date":"2019-10-27","name":"Diwali\/Deepavali (regional holiday)"},{"date":"2019-07-30","name":"Additional Public Holiday"},{"date":"2019-02-06","name":"Second day of Chinese Lunar New Year (regional holiday)"},{"date":"2019-05-06","name":"First Day of Ramadan (regional holiday)"},{"date":"2019-05-22","name":"Nuzul Al-Quran (regional holiday)"},{"date":"2019-05-30","name":"Harvest Festival (regional holiday)"},{"date":"2019-05-31","name":"Second Day of Harvest Festival (regional holiday)"},{"date":"2019-01-01","name":"New Year's Day (regional holiday)"},{"date":"2019-01-21","name":"Thaipusam (regional holiday)"},{"date":"2019-02-06","name":"Chinese Lunar New Year Holiday (regional holiday)"},{"date":"2019-04-03","name":"Isra and Mi'raj (regional holiday)"},{"date":"2019-07-17","name":"Birthday of the Raja of Perlis (Perlis)"}]},{"year":2020,"holidays":[{"date":"2020-01-25","name":"Chinese Lunar New Year's Day"},{"date":"2020-02-14","name":"Valentine's Day"},{"date":"2020-04-12","name":"Easter Sunday"},{"date":"2020-05-01","name":"Labour Day"},{"date":"2020-05-07","name":"Wesak Day"},{"date":"2020-05-24","name":"Hari Raya Puasa"},{"date":"2020-05-25","name":"Hari Raya Puasa Day 2"},{"date":"2020-07-31","name":"Hari Raya Haji"},{"date":"2020-08-20","name":"Muharram\/New Year"},{"date":"2020-08-31","name":"Malaysia's National Day"},{"date":"2020-09-16","name":"Malaysia Day"},{"date":"2020-10-29","name":"The Prophet Muhammad's Birthday"},{"date":"2020-12-24","name":"Christmas Eve"},{"date":"2020-12-25","name":"Christmas Day"},{"date":"2020-12-31","name":"New Year's Eve"},{"date":"2020-06-02","name":"Gawai Dayak Holiday (Sarawak)"},{"date":"2020-09-24","name":"Almarhum Sultan Iskandar Hol Day (Johor)"},{"date":"2020-10-03","name":"Birthday of the Governor of Sabah (Sabah)"},{"date":"2020-10-10","name":"Birthday of the Governor of Sarawak (Sarawak)"},{"date":"2020-04-10","name":"Good Friday (regional holiday)"},{"date":"2020-07-22","name":"Sarawak Independence Day (Sarawak)"},{"date":"2020-10-24","name":"Birthday of the Sultan of Pahang (Pahang)"},{"date":"2020-11-14","name":"Diwali\/Deepavali (regional holiday)"},{"date":"2020-04-15","name":"Declaration of Malacca as Historical City (Malacca)"},{"date":"2020-08-01","name":"Hari Raya Haji (Day 2) (regional holiday)"},{"date":"2020-03-04","name":"Anniversary of the coronation of the Sultan of Terengganu (Terengganu)"},{"date":"2020-03-23","name":"Birthday of the Sultan of Johor (Johor)"},{"date":"2020-05-26","name":"Hari Raya Puasa (regional holiday)"},{"date":"2020-08-02","name":"Hari Raya Haji holiday (regional holiday)"},{"date":"2020-10-09","name":"Birthday of the Governor of Malacca (Malacca)"},{"date":"2020-11-12","name":"Birthday of the Sultan of Kelantan (Day 2) (Kelantan)"},{"date":"2020-07-07","name":"George Town World Heritage City Day (Penang)"},{"date":"2020-11-06","name":"Birthday of the Sultan of Perak (Perak)"},{"date":"2020-11-11","name":"Birthday of the Sultan of Kelantan (Kelantan)"},{"date":"2020-04-26","name":"Birthday of the Sultan of Terengganu (Terengganu)"},{"date":"2020-07-11","name":"Penang Governor's Birthday (Penang)"},{"date":"2020-01-14","name":"Birthday of Yang di-Pertuan Besar (Negeri Sembilan)"},{"date":"2020-02-01","name":"Federal Territory Day (regional holiday)"},{"date":"2020-05-07","name":"Pahang State Holiday (Pahang)"},{"date":"2020-06-01","name":"Gawai Dayak (Sarawak)"},{"date":"2020-12-11","name":"Birthday of the Sultan of Selangor (Selangor)"},{"date":"2020-01-01","name":"New Year's Day (regional holiday)"},{"date":"2020-01-26","name":"Second day of Chinese Lunar New Year (regional holiday)"},{"date":"2020-02-08","name":"Thaipusam (regional holiday)"},{"date":"2020-03-22","name":"Isra and Mi'raj (regional holiday)"},{"date":"2020-04-24","name":"First Day of Ramadan (regional holiday)"},{"date":"2020-05-30","name":"Harvest Festival (regional holiday)"},{"date":"2020-05-31","name":"Second Day of Harvest Festival (regional holiday)"},{"date":"2020-06-01","name":"Second Day of Harvest Festival observed (regional holiday)"},{"date":"2020-01-26","name":"Chinese Lunar New Year Holiday (regional holiday)"},{"date":"2020-01-27","name":"Day off for Chinese Lunar New Year Holiday (regional holiday)"},{"date":"2020-05-10","name":"Nuzul Al-Quran (regional holiday)"},{"date":"2020-01-27","name":"Chinese Lunar New Year Holiday (regional holiday)"},{"date":"2020-06-08","name":"The Yang di-Pertuan Agong's Birthday"},{"date":"2020-07-17","name":"Birthday of the Raja of Perlis (Perlis)"},{"date":"2020-07-30","name":"Day of Arafat (Terengganu)"}]},{"year":2021,"holidays":[{"date":"2021-02-12","name":"Chinese Lunar New Year's Day"},{"date":"2021-02-14","name":"Valentine's Day"},{"date":"2021-04-04","name":"Easter Sunday"},{"date":"2021-05-01","name":"Labour Day"},{"date":"2021-05-13","name":"Hari Raya Puasa"},{"date":"2021-05-14","name":"Hari Raya Puasa Day 2"},{"date":"2021-07-20","name":"Hari Raya Haji"},{"date":"2021-08-10","name":"Muharram\/New Year"},{"date":"2021-08-31","name":"Malaysia's National Day"},{"date":"2021-09-16","name":"Malaysia Day"},{"date":"2021-10-19","name":"The Prophet Muhammad's Birthday"},{"date":"2021-12-24","name":"Christmas Eve"},{"date":"2021-12-25","name":"Christmas Day"},{"date":"2021-12-31","name":"New Year's Eve"},{"date":"2021-01-14","name":"Birthday of Yang di-Pertuan Besar (Negeri Sembilan)"},{"date":"2021-03-04","name":"Anniversary of the coronation of the Sultan of Terengganu (Terengganu)"},{"date":"2021-05-07","name":"Pahang State Holiday (Pahang)"},{"date":"2021-07-07","name":"George Town World Heritage City Day (Penang)"},{"date":"2021-10-09","name":"Birthday of the Governor of Sarawak (Sarawak)"},{"date":"2021-10-25","name":"Birthday of the Sultan of Pahang observed (Pahang)"},{"date":"2021-06-01","name":"Gawai Dayak (Sarawak)"},{"date":"2021-06-02","name":"Gawai Dayak Holiday (Sarawak)"},{"date":"2021-10-02","name":"Birthday of the Governor of Sabah (Sabah)"},{"date":"2021-04-02","name":"Good Friday (regional holiday)"},{"date":"2021-04-26","name":"Birthday of the Sultan of Terengganu (Terengganu)"},{"date":"2021-10-08","name":"Birthday of the Governor of Malacca (Malacca)"},{"date":"2021-11-11","name":"Birthday of the Sultan of Kelantan (Kelantan)"},{"date":"2021-02-01","name":"Federal Territory Day (regional holiday)"},{"date":"2021-04-15","name":"Declaration of Malacca as Historical City (Malacca)"},{"date":"2021-12-11","name":"Birthday of the Sultan of Selangor (Selangor)"},{"date":"2021-07-21","name":"Hari Raya Haji (Day 2) (regional holiday)"},{"date":"2021-09-14","name":"Almarhum Sultan Iskandar Hol Day (Johor)"},{"date":"2021-10-24","name":"Birthday of the Sultan of Pahang (Pahang)"},{"date":"2021-11-05","name":"Birthday of the Sultan of Perak (Perak)"},{"date":"2021-11-12","name":"Birthday of the Sultan of Kelantan (Day 2) (Kelantan)"},{"date":"2021-03-23","name":"Birthday of the Sultan of Johor (Johor)"},{"date":"2021-07-10","name":"Penang Governor's Birthday (Penang)"},{"date":"2021-07-22","name":"Sarawak Independence Day (Sarawak)"},{"date":"2021-01-01","name":"New Year's Day (regional holiday)"},{"date":"2021-03-11","name":"Isra and Mi'raj (regional holiday)"},{"date":"2021-04-13","name":"First Day of Ramadan (regional holiday)"},{"date":"2021-05-30","name":"Harvest Festival (regional holiday)"},{"date":"2021-01-28","name":"Thaipusam (regional holiday)"},{"date":"2021-02-13","name":"Second day of Chinese Lunar New Year (regional holiday)"},{"date":"2021-02-13","name":"Chinese Lunar New Year Holiday (regional holiday)"},{"date":"2021-04-29","name":"Nuzul Al-Quran (regional holiday)"},{"date":"2021-05-31","name":"Harvest Festival observed (regional holiday)"},{"date":"2021-05-31","name":"Second Day of Harvest Festival (regional holiday)"},{"date":"2021-06-07","name":"The Yang di-Pertuan Agong's Birthday"},{"date":"2021-07-17","name":"Birthday of the Raja of Perlis (Perlis)"}]}]}]}