{"country_code":"NG","name":"Nigeria","timezones":["Africa\/Lagos"],"location":{"lat":10,"lng":8},"google_calendar":[{"locale":"en","calendar":"en.ng#holiday@group.v.calendar.google.com","years":[{"year":2019,"holidays":[{"date":"2019-01-01","name":"New Year's Day"},{"date":"2019-03-08","name":"Women's Day"},{"date":"2019-04-19","name":"Good Friday"},{"date":"2019-04-20","name":"Holy Saturday"},{"date":"2019-04-22","name":"Easter Monday"},{"date":"2019-05-01","name":"Workers' Day"},{"date":"2019-05-27","name":"Children's Day"},{"date":"2019-06-12","name":"Democracy Day"},{"date":"2019-08-12","name":"Id el Kabir"},{"date":"2019-08-13","name":"Id el Kabir additional holiday"},{"date":"2019-10-01","name":"National Day"},{"date":"2019-12-24","name":"Christmas Eve"},{"date":"2019-12-25","name":"Christmas Day"},{"date":"2019-12-26","name":"Boxing Day"},{"date":"2019-12-31","name":"New Year's Eve"},{"date":"2019-02-22","name":"Election Day"},{"date":"2019-04-21","name":"Easter Sunday"},{"date":"2019-05-29","name":"Presidential Inauguration Holiday"},{"date":"2019-06-04","name":"Id el Fitr"},{"date":"2019-06-05","name":"Id el Fitr holiday"},{"date":"2019-03-31","name":"Mothering Sunday"},{"date":"2019-06-16","name":"Father's Day"},{"date":"2019-11-09","name":"Id el Maulud"},{"date":"2019-11-11","name":"Id el Maulud Holiday"},{"date":"2019-02-14","name":"Valentine's Day"}]},{"year":2020,"holidays":[{"date":"2020-01-01","name":"New Year's Day"},{"date":"2020-03-08","name":"Women's Day"},{"date":"2020-04-10","name":"Good Friday"},{"date":"2020-04-11","name":"Holy Saturday"},{"date":"2020-04-13","name":"Easter Monday"},{"date":"2020-05-01","name":"Workers' Day"},{"date":"2020-05-24","name":"Id el Fitr"},{"date":"2020-05-25","name":"Id el Fitr additional holiday"},{"date":"2020-05-27","name":"Children's Day"},{"date":"2020-06-12","name":"Democracy Day"},{"date":"2020-07-31","name":"Id el Kabir"},{"date":"2020-08-01","name":"Id el Kabir additional holiday"},{"date":"2020-10-01","name":"National Day"},{"date":"2020-10-29","name":"Id el Maulud"},{"date":"2020-12-24","name":"Christmas Eve"},{"date":"2020-12-25","name":"Christmas Day"},{"date":"2020-12-26","name":"Boxing Day"},{"date":"2020-12-31","name":"New Year's Eve"},{"date":"2020-04-12","name":"Easter Sunday"},{"date":"2020-03-22","name":"Mothering Sunday"},{"date":"2020-06-21","name":"Father's Day"},{"date":"2020-02-14","name":"Valentine's Day"}]},{"year":2021,"holidays":[{"date":"2021-01-01","name":"New Year's Day"},{"date":"2021-03-08","name":"Women's Day"},{"date":"2021-04-02","name":"Good Friday"},{"date":"2021-04-03","name":"Holy Saturday"},{"date":"2021-04-05","name":"Easter Monday"},{"date":"2021-05-01","name":"Workers' Day"},{"date":"2021-05-13","name":"Id el Fitr"},{"date":"2021-05-14","name":"Id el Fitr additional holiday"},{"date":"2021-05-27","name":"Children's Day"},{"date":"2021-06-12","name":"Democracy Day"},{"date":"2021-07-20","name":"Id el Kabir"},{"date":"2021-07-21","name":"Id el Kabir additional holiday"},{"date":"2021-10-01","name":"National Day"},{"date":"2021-10-19","name":"Id el Maulud"},{"date":"2021-12-24","name":"Christmas Eve"},{"date":"2021-12-25","name":"Christmas Day"},{"date":"2021-12-26","name":"Boxing Day"},{"date":"2021-12-31","name":"New Year's Eve"},{"date":"2021-04-04","name":"Easter Sunday"},{"date":"2021-03-14","name":"Mothering Sunday"},{"date":"2021-06-20","name":"Father's Day"},{"date":"2021-02-14","name":"Valentine's Day"}]}]}]}