{"country_code":"PE","name":"Peru","timezones":["America\/Lima"],"location":{"lat":-10,"lng":-76},"google_calendar":[{"locale":"en","calendar":"en.pe#holiday@group.v.calendar.google.com","years":[{"year":2019,"holidays":[{"date":"2019-01-01","name":"New Year's Day"},{"date":"2019-01-06","name":"The Three Wise Men Day"},{"date":"2019-04-18","name":"Maundy Thursday"},{"date":"2019-04-19","name":"Good Friday"},{"date":"2019-05-01","name":"Labor Day \/ May Day"},{"date":"2019-05-12","name":"Mother's Day"},{"date":"2019-06-07","name":"Flag Day"},{"date":"2019-06-16","name":"Father's Day"},{"date":"2019-06-24","name":"Farmer Day"},{"date":"2019-06-24","name":"Inti Raymi Day"},{"date":"2019-06-29","name":"St Peter and St Paul"},{"date":"2019-07-28","name":"Independence Day"},{"date":"2019-07-29","name":"Independence Day (day 2)"},{"date":"2019-08-30","name":"Santa Rosa De Lima"},{"date":"2019-09-24","name":"Armed Forces Day"},{"date":"2019-10-08","name":"Battle of Angamos"},{"date":"2019-11-01","name":"All Saints' Day"},{"date":"2019-11-02","name":"All Souls' Day"},{"date":"2019-12-08","name":"Feast of the Immaculate Conception"},{"date":"2019-12-24","name":"Christmas Eve"},{"date":"2019-12-25","name":"Christmas Day"},{"date":"2019-12-31","name":"New Year's Eve"},{"date":"2019-04-21","name":"Easter Sunday"},{"date":"2019-07-30","name":"Public Sector Holiday"},{"date":"2019-08-29","name":"Public Sector Holiday"},{"date":"2019-10-31","name":"Public Sector Holiday"}]},{"year":2020,"holidays":[{"date":"2020-01-01","name":"New Year's Day"},{"date":"2020-01-06","name":"The Three Wise Men Day"},{"date":"2020-04-09","name":"Maundy Thursday"},{"date":"2020-04-10","name":"Good Friday"},{"date":"2020-05-01","name":"Labor Day \/ May Day"},{"date":"2020-05-10","name":"Mother's Day"},{"date":"2020-06-07","name":"Flag Day"},{"date":"2020-06-21","name":"Father's Day"},{"date":"2020-06-24","name":"Farmer Day"},{"date":"2020-06-24","name":"Inti Raymi Day"},{"date":"2020-06-29","name":"St Peter and St Paul"},{"date":"2020-07-28","name":"Independence Day"},{"date":"2020-07-29","name":"Independence Day (day 2)"},{"date":"2020-08-30","name":"Santa Rosa De Lima"},{"date":"2020-09-24","name":"Armed Forces Day"},{"date":"2020-10-08","name":"Battle of Angamos"},{"date":"2020-11-01","name":"All Saints' Day"},{"date":"2020-11-02","name":"All Souls' Day"},{"date":"2020-12-08","name":"Feast of the Immaculate Conception"},{"date":"2020-12-24","name":"Christmas Eve"},{"date":"2020-12-25","name":"Christmas Day"},{"date":"2020-12-31","name":"New Year's Eve"},{"date":"2020-04-12","name":"Easter Sunday"}]},{"year":2021,"holidays":[{"date":"2021-01-01","name":"New Year's Day"},{"date":"2021-01-06","name":"The Three Wise Men Day"},{"date":"2021-04-01","name":"Maundy Thursday"},{"date":"2021-04-02","name":"Good Friday"},{"date":"2021-05-01","name":"Labor Day \/ May Day"},{"date":"2021-05-09","name":"Mother's Day"},{"date":"2021-06-07","name":"Flag Day"},{"date":"2021-06-20","name":"Father's Day"},{"date":"2021-06-24","name":"Farmer Day"},{"date":"2021-06-24","name":"Inti Raymi Day"},{"date":"2021-06-29","name":"St Peter and St Paul"},{"date":"2021-07-28","name":"Independence Day"},{"date":"2021-07-29","name":"Independence Day (day 2)"},{"date":"2021-08-30","name":"Santa Rosa De Lima"},{"date":"2021-09-24","name":"Armed Forces Day"},{"date":"2021-10-08","name":"Battle of Angamos"},{"date":"2021-11-01","name":"All Saints' Day"},{"date":"2021-11-02","name":"All Souls' Day"},{"date":"2021-12-08","name":"Feast of the Immaculate Conception"},{"date":"2021-12-24","name":"Christmas Eve"},{"date":"2021-12-25","name":"Christmas Day"},{"date":"2021-12-31","name":"New Year's Eve"},{"date":"2021-04-04","name":"Easter Sunday"}]}]}]}