{"country_code":"PT","name":"Portugal","timezones":["Europe\/Lisbon","Atlantic\/Madeira","Atlantic\/Azores"],"location":{"lat":39.5,"lng":-8},"google_calendar":[{"locale":"en","calendar":"en.portuguese#holiday@group.v.calendar.google.com","years":[{"year":2019,"holidays":[{"date":"2019-01-01","name":"New Year's Day"},{"date":"2019-03-31","name":"Daylight Saving Time starts"},{"date":"2019-04-19","name":"Good Friday"},{"date":"2019-04-25","name":"Liberty Day"},{"date":"2019-05-01","name":"Labor Day \/ May Day"},{"date":"2019-06-10","name":"Portugal Day"},{"date":"2019-06-20","name":"Corpus Christi"},{"date":"2019-08-15","name":"Assumption of Mary"},{"date":"2019-10-05","name":"Republic Implantation"},{"date":"2019-10-27","name":"Daylight Saving Time ends"},{"date":"2019-11-01","name":"All Saints' Day"},{"date":"2019-12-01","name":"Restoration of Independence"},{"date":"2019-12-08","name":"Feast of the Immaculate Conception"},{"date":"2019-12-24","name":"Christmas Eve"},{"date":"2019-12-25","name":"Christmas Day"},{"date":"2019-12-31","name":"New Year's Eve"},{"date":"2019-03-05","name":"Carnival \/ Shrove Tuesday"},{"date":"2019-04-21","name":"Easter Sunday"},{"date":"2019-02-14","name":"Valentine's Day"},{"date":"2019-03-19","name":"Father's Day"},{"date":"2019-05-05","name":"Mother's Day"},{"date":"2019-05-07","name":"Our Lady of M\u00e9rcoles (Castelo Branco)"},{"date":"2019-05-22","name":"Leiria Day (Leiria)"},{"date":"2019-05-30","name":"Ascension Day (Beja)"},{"date":"2019-06-13","name":"St. Anthony's Day (regional holiday)"},{"date":"2019-06-24","name":"St. John's Day (regional holiday)"},{"date":"2019-07-04","name":"St. Elizabeth's Day (Coimbra)"},{"date":"2019-08-20","name":"Our Lady of Sorrows (Viana do Castelo)"},{"date":"2019-08-22","name":"Our Lady of Graces (Bragan\u00e7a)"},{"date":"2019-09-07","name":"Faro Day (Faro)"},{"date":"2019-11-27","name":"Foral of Sancho I (Guarda)"},{"date":"2019-03-19","name":"St. Joseph's Day (Santar\u00e9m)"},{"date":"2019-09-21","name":"St. Matthew's Day (Viseu)"},{"date":"2019-05-12","name":"St. Joana's Day (Aveiro)"},{"date":"2019-05-23","name":"Portalegre Day (Portalegre)"},{"date":"2019-09-15","name":"Birth of Bocage (Set\u00fabal)"},{"date":"2019-06-29","name":"St. Peter's Day (\u00c9vora)"}]},{"year":2020,"holidays":[{"date":"2020-01-01","name":"New Year's Day"},{"date":"2020-03-29","name":"Daylight Saving Time starts"},{"date":"2020-04-10","name":"Good Friday"},{"date":"2020-04-25","name":"Liberty Day"},{"date":"2020-05-01","name":"Labor Day \/ May Day"},{"date":"2020-06-10","name":"Portugal Day"},{"date":"2020-06-11","name":"Corpus Christi"},{"date":"2020-08-15","name":"Assumption of Mary"},{"date":"2020-10-05","name":"Republic Implantation"},{"date":"2020-10-25","name":"Daylight Saving Time ends"},{"date":"2020-11-01","name":"All Saints' Day"},{"date":"2020-12-01","name":"Restoration of Independence"},{"date":"2020-12-08","name":"Feast of the Immaculate Conception"},{"date":"2020-12-24","name":"Christmas Eve"},{"date":"2020-12-25","name":"Christmas Day"},{"date":"2020-12-31","name":"New Year's Eve"},{"date":"2020-02-25","name":"Carnival \/ Shrove Tuesday"},{"date":"2020-04-12","name":"Easter Sunday"},{"date":"2020-02-14","name":"Valentine's Day"},{"date":"2020-03-19","name":"Father's Day"},{"date":"2020-05-03","name":"Mother's Day"},{"date":"2020-03-19","name":"St. Joseph's Day (Santar\u00e9m)"},{"date":"2020-04-28","name":"Our Lady of M\u00e9rcoles (Castelo Branco)"},{"date":"2020-05-22","name":"Leiria Day (Leiria)"},{"date":"2020-06-13","name":"St. Anthony's Day (regional holiday)"},{"date":"2020-06-29","name":"St. Peter's Day (\u00c9vora)"},{"date":"2020-07-04","name":"St. Elizabeth's Day (Coimbra)"},{"date":"2020-08-22","name":"Our Lady of Graces (Bragan\u00e7a)"},{"date":"2020-09-21","name":"St. Matthew's Day (Viseu)"},{"date":"2020-05-21","name":"Ascension Day (Beja)"},{"date":"2020-08-20","name":"Our Lady of Sorrows (Viana do Castelo)"},{"date":"2020-09-15","name":"Birth of Bocage (Set\u00fabal)"},{"date":"2020-11-27","name":"Foral of Sancho I (Guarda)"},{"date":"2020-05-12","name":"St. Joana's Day (Aveiro)"},{"date":"2020-05-23","name":"Portalegre Day (Portalegre)"},{"date":"2020-06-24","name":"St. John's Day (regional holiday)"},{"date":"2020-09-07","name":"Faro Day (Faro)"}]},{"year":2021,"holidays":[{"date":"2021-01-01","name":"New Year's Day"},{"date":"2021-03-28","name":"Daylight Saving Time starts"},{"date":"2021-04-02","name":"Good Friday"},{"date":"2021-04-25","name":"Liberty Day"},{"date":"2021-05-01","name":"Labor Day \/ May Day"},{"date":"2021-06-03","name":"Corpus Christi"},{"date":"2021-06-10","name":"Portugal Day"},{"date":"2021-08-15","name":"Assumption of Mary"},{"date":"2021-10-05","name":"Republic Implantation"},{"date":"2021-10-31","name":"Daylight Saving Time ends"},{"date":"2021-11-01","name":"All Saints' Day"},{"date":"2021-12-01","name":"Restoration of Independence"},{"date":"2021-12-08","name":"Feast of the Immaculate Conception"},{"date":"2021-12-24","name":"Christmas Eve"},{"date":"2021-12-25","name":"Christmas Day"},{"date":"2021-12-31","name":"New Year's Eve"},{"date":"2021-02-16","name":"Carnival \/ Shrove Tuesday"},{"date":"2021-04-04","name":"Easter Sunday"},{"date":"2021-02-14","name":"Valentine's Day"},{"date":"2021-03-19","name":"Father's Day"},{"date":"2021-05-02","name":"Mother's Day"},{"date":"2021-03-19","name":"St. Joseph's Day (Santar\u00e9m)"},{"date":"2021-05-12","name":"St. Joana's Day (Aveiro)"},{"date":"2021-06-24","name":"St. John's Day (regional holiday)"},{"date":"2021-09-07","name":"Faro Day (Faro)"},{"date":"2021-08-20","name":"Our Lady of Sorrows (Viana do Castelo)"},{"date":"2021-09-15","name":"Birth of Bocage (Set\u00fabal)"},{"date":"2021-09-21","name":"St. Matthew's Day (Viseu)"},{"date":"2021-11-27","name":"Foral of Sancho I (Guarda)"},{"date":"2021-04-20","name":"Our Lady of M\u00e9rcoles (Castelo Branco)"},{"date":"2021-05-13","name":"Ascension Day (Beja)"},{"date":"2021-05-22","name":"Leiria Day (Leiria)"},{"date":"2021-06-13","name":"St. Anthony's Day (regional holiday)"},{"date":"2021-06-29","name":"St. Peter's Day (\u00c9vora)"},{"date":"2021-07-04","name":"St. Elizabeth's Day (Coimbra)"},{"date":"2021-08-22","name":"Our Lady of Graces (Bragan\u00e7a)"},{"date":"2021-05-23","name":"Portalegre Day (Portalegre)"}]}]}]}