{"country_code":"RW","name":"Rwanda","timezones":["Africa\/Kigali"],"location":{"lat":-2,"lng":30},"google_calendar":[{"locale":"en","calendar":"en.rw#holiday@group.v.calendar.google.com","years":[{"year":2019,"holidays":[{"date":"2019-01-01","name":"New Year"},{"date":"2019-01-02","name":"Day After New Year's Day"},{"date":"2019-02-01","name":"National Heroes' Day"},{"date":"2019-04-07","name":"Tutsi Genocide Memorial Day"},{"date":"2019-04-19","name":"Good Friday"},{"date":"2019-05-01","name":"Labor Day"},{"date":"2019-07-01","name":"Independence Day"},{"date":"2019-07-04","name":"Liberation Day"},{"date":"2019-08-02","name":"Umuganura Day"},{"date":"2019-12-25","name":"Christmas Day"},{"date":"2019-12-26","name":"Boxing Day"},{"date":"2019-06-04","name":"Eid al-Fitr"},{"date":"2019-08-15","name":"Assumption of Mary"}]},{"year":2020,"holidays":[{"date":"2020-01-01","name":"New Year"},{"date":"2020-01-02","name":"Day After New Year's Day"},{"date":"2020-02-01","name":"National Heroes' Day"},{"date":"2020-02-03","name":"National Heroes' Day observed"},{"date":"2020-04-07","name":"Tutsi Genocide Memorial Day"},{"date":"2020-04-10","name":"Good Friday"},{"date":"2020-05-01","name":"Labor Day"},{"date":"2020-05-24","name":"Eid al-Fitr"},{"date":"2020-07-01","name":"Independence Day"},{"date":"2020-07-04","name":"Liberation Day"},{"date":"2020-07-06","name":"Liberation Day observed"},{"date":"2020-08-07","name":"Umuganura Day"},{"date":"2020-12-25","name":"Christmas Day"},{"date":"2020-12-26","name":"Boxing Day"},{"date":"2020-12-28","name":"Boxing Day observed"},{"date":"2020-08-15","name":"Assumption of Mary"},{"date":"2020-08-17","name":"Assumption of Mary observed"},{"date":"2020-05-25","name":"Eid al-Fitr observed"}]},{"year":2021,"holidays":[{"date":"2021-01-02","name":"Day After New Year's Day"},{"date":"2021-01-04","name":"Day After New Year's Day observed"},{"date":"2021-02-01","name":"National Heroes' Day"},{"date":"2021-04-02","name":"Good Friday"},{"date":"2021-04-07","name":"Tutsi Genocide Memorial Day"},{"date":"2021-05-01","name":"Labor Day"},{"date":"2021-05-03","name":"Labor Day observed"},{"date":"2021-05-13","name":"Eid al-Fitr"},{"date":"2021-07-01","name":"Independence Day"},{"date":"2021-07-04","name":"Liberation Day"},{"date":"2021-07-05","name":"Liberation Day observed"},{"date":"2021-08-06","name":"Umuganura Day"},{"date":"2021-01-01","name":"New Year"},{"date":"2021-12-25","name":"Christmas Day"},{"date":"2021-12-26","name":"Boxing Day"},{"date":"2021-12-27","name":"Christmas Day observed"},{"date":"2021-12-27","name":"Boxing Day observed"},{"date":"2021-08-15","name":"Assumption of Mary"},{"date":"2021-08-16","name":"Assumption of Mary observed"}]}]}]}