{"country_code":"SC","name":"Seychelles","timezones":["Indian\/Mahe"],"location":{"lat":-4.58333333,"lng":55.66666666},"google_calendar":[{"locale":"en","calendar":"en.sc#holiday@group.v.calendar.google.com","years":[{"year":2019,"holidays":[{"date":"2019-01-01","name":"New Year"},{"date":"2019-04-19","name":"Good Friday"},{"date":"2019-04-22","name":"Easter Monday"},{"date":"2019-05-01","name":"Labour Day"},{"date":"2019-06-18","name":"Constitution Day"},{"date":"2019-06-29","name":"National Day"},{"date":"2019-08-15","name":"Assumption of Mary"},{"date":"2019-12-08","name":"Immaculate Conception"},{"date":"2019-12-25","name":"Christmas Day"},{"date":"2019-01-02","name":"New Year holiday"},{"date":"2019-04-20","name":"Holy Saturday"},{"date":"2019-06-20","name":"Corpus Christi"},{"date":"2019-04-21","name":"Easter Sunday"},{"date":"2019-11-01","name":"All Saints' Day"},{"date":"2019-12-09","name":"Day off for Immaculate Conception"}]},{"year":2020,"holidays":[{"date":"2020-01-01","name":"New Year"},{"date":"2020-04-10","name":"Good Friday"},{"date":"2020-04-13","name":"Easter Monday"},{"date":"2020-05-01","name":"Labour Day"},{"date":"2020-06-18","name":"Constitution Day"},{"date":"2020-06-29","name":"National Day"},{"date":"2020-08-15","name":"Assumption of Mary"},{"date":"2020-12-08","name":"Immaculate Conception"},{"date":"2020-12-25","name":"Christmas Day"},{"date":"2020-01-02","name":"New Year holiday"},{"date":"2020-04-11","name":"Holy Saturday"},{"date":"2020-06-11","name":"Corpus Christi"},{"date":"2020-04-12","name":"Easter Sunday"},{"date":"2020-01-03","name":"New Year holiday"},{"date":"2020-11-01","name":"All Saints' Day"},{"date":"2020-11-02","name":"Day off for All Saints' Day"}]},{"year":2021,"holidays":[{"date":"2021-01-01","name":"New Year"},{"date":"2021-04-02","name":"Good Friday"},{"date":"2021-04-05","name":"Easter Monday"},{"date":"2021-05-01","name":"Labour Day"},{"date":"2021-06-18","name":"Constitution Day"},{"date":"2021-06-29","name":"National Day"},{"date":"2021-08-15","name":"Assumption of Mary"},{"date":"2021-12-08","name":"Immaculate Conception"},{"date":"2021-12-25","name":"Christmas Day"},{"date":"2021-01-02","name":"New Year holiday"},{"date":"2021-04-03","name":"Holy Saturday"},{"date":"2021-06-03","name":"Corpus Christi"},{"date":"2021-04-04","name":"Easter Sunday"},{"date":"2021-08-16","name":"Day off for Assumption of Mary"},{"date":"2021-11-01","name":"All Saints' Day"}]}]}]}