{"country_code":"SR","name":"Suriname","timezones":["America\/Paramaribo"],"location":{"lat":4,"lng":-56},"google_calendar":[{"locale":"en","calendar":"en.sr#holiday@group.v.calendar.google.com","years":[{"year":2019,"holidays":[{"date":"2019-01-01","name":"New Year"},{"date":"2019-02-25","name":"Revolution Day"},{"date":"2019-03-21","name":"Holi Phagwa"},{"date":"2019-04-19","name":"Good Friday"},{"date":"2019-04-22","name":"Easter Monday"},{"date":"2019-05-01","name":"Labor Day"},{"date":"2019-06-05","name":"Eid al-Fitr"},{"date":"2019-07-01","name":"Freedom Day"},{"date":"2019-08-09","name":"Indigenous Peoples Day"},{"date":"2019-08-12","name":"Eid al-Adha"},{"date":"2019-10-10","name":"Day of the Maroons"},{"date":"2019-10-27","name":"Diwali"},{"date":"2019-11-25","name":"Independence Day"},{"date":"2019-12-25","name":"Christmas Day"},{"date":"2019-12-26","name":"Boxing Day"},{"date":"2019-02-05","name":"Chinese New Year"}]},{"year":2020,"holidays":[{"date":"2020-01-01","name":"New Year"},{"date":"2020-02-25","name":"Revolution Day"},{"date":"2020-03-09","name":"Holi Phagwa"},{"date":"2020-04-10","name":"Good Friday"},{"date":"2020-04-13","name":"Easter Monday"},{"date":"2020-05-01","name":"Labor Day"},{"date":"2020-05-24","name":"Eid al-Fitr"},{"date":"2020-07-01","name":"Freedom Day"},{"date":"2020-07-31","name":"Eid al-Adha"},{"date":"2020-08-09","name":"Indigenous Peoples Day"},{"date":"2020-10-10","name":"Day of the Maroons"},{"date":"2020-11-14","name":"Diwali"},{"date":"2020-11-25","name":"Independence Day"},{"date":"2020-12-25","name":"Christmas Day"},{"date":"2020-12-26","name":"Boxing Day"},{"date":"2020-01-25","name":"Chinese New Year"}]},{"year":2021,"holidays":[{"date":"2021-01-01","name":"New Year"},{"date":"2021-02-25","name":"Revolution Day"},{"date":"2021-04-02","name":"Good Friday"},{"date":"2021-04-05","name":"Easter Monday"},{"date":"2021-05-01","name":"Labor Day"},{"date":"2021-05-13","name":"Eid al-Fitr"},{"date":"2021-07-01","name":"Freedom Day"},{"date":"2021-07-20","name":"Eid al-Adha"},{"date":"2021-08-09","name":"Indigenous Peoples Day"},{"date":"2021-10-10","name":"Day of the Maroons"},{"date":"2021-11-25","name":"Independence Day"},{"date":"2021-12-25","name":"Christmas Day"},{"date":"2021-12-26","name":"Boxing Day"},{"date":"2021-02-12","name":"Chinese New Year"}]}]}]}