{"country_code":"TG","name":"Togo","timezones":["Africa\/Lome"],"location":{"lat":8,"lng":1.16666666},"google_calendar":[{"locale":"en","calendar":"en.tg#holiday@group.v.calendar.google.com","years":[{"year":2019,"holidays":[{"date":"2019-01-01","name":"New Year"},{"date":"2019-04-22","name":"Easter Monday"},{"date":"2019-04-27","name":"Independence Day"},{"date":"2019-05-01","name":"Labour Day"},{"date":"2019-06-05","name":"Eid al-Fitr"},{"date":"2019-06-10","name":"Whit Monday"},{"date":"2019-06-21","name":"Day of the Martyrs"},{"date":"2019-08-15","name":"Assumption of Mary"},{"date":"2019-09-24","name":"Anniversary of the Failed Attack on Lom\u00e9"},{"date":"2019-11-01","name":"All Saints' Day"},{"date":"2019-11-10","name":"The Prophet's Birthday"},{"date":"2019-12-25","name":"Christmas Day"},{"date":"2019-01-13","name":"Liberation Day"},{"date":"2019-05-30","name":"Ascension Day"},{"date":"2019-08-11","name":"Tabaski"}]},{"year":2020,"holidays":[{"date":"2020-01-01","name":"New Year"},{"date":"2020-04-13","name":"Easter Monday"},{"date":"2020-04-27","name":"Independence Day"},{"date":"2020-05-01","name":"Labour Day"},{"date":"2020-05-24","name":"Eid al-Fitr"},{"date":"2020-06-01","name":"Whit Monday"},{"date":"2020-06-21","name":"Day of the Martyrs"},{"date":"2020-08-15","name":"Assumption of Mary"},{"date":"2020-09-24","name":"Anniversary of the Failed Attack on Lom\u00e9"},{"date":"2020-10-29","name":"The Prophet's Birthday"},{"date":"2020-11-01","name":"All Saints' Day"},{"date":"2020-12-25","name":"Christmas Day"},{"date":"2020-01-13","name":"Liberation Day"},{"date":"2020-05-21","name":"Ascension Day"},{"date":"2020-07-31","name":"Tabaski"}]},{"year":2021,"holidays":[{"date":"2021-01-01","name":"New Year"},{"date":"2021-04-05","name":"Easter Monday"},{"date":"2021-04-27","name":"Independence Day"},{"date":"2021-05-01","name":"Labour Day"},{"date":"2021-05-13","name":"Eid al-Fitr"},{"date":"2021-05-24","name":"Whit Monday"},{"date":"2021-06-21","name":"Day of the Martyrs"},{"date":"2021-08-15","name":"Assumption of Mary"},{"date":"2021-09-24","name":"Anniversary of the Failed Attack on Lom\u00e9"},{"date":"2021-10-19","name":"The Prophet's Birthday"},{"date":"2021-11-01","name":"All Saints' Day"},{"date":"2021-12-25","name":"Christmas Day"},{"date":"2021-01-13","name":"Liberation Day"},{"date":"2021-05-13","name":"Ascension Day"},{"date":"2021-07-20","name":"Tabaski"}]}]}]}