{"country_code":"VA","name":"Vatican City","timezones":["Europe\/Vatican"],"location":{"lat":41.9,"lng":12.45},"google_calendar":[{"locale":"en","calendar":"en.va#holiday@group.v.calendar.google.com","years":[{"year":2019,"holidays":[{"date":"2019-01-01","name":"New Year's Day"},{"date":"2019-01-06","name":"Epiphany"},{"date":"2019-02-11","name":"Anniversary of the foundation of Vatican City"},{"date":"2019-03-13","name":"Anniversary of the election of Pope Francis"},{"date":"2019-03-19","name":"St Joseph's Day"},{"date":"2019-03-31","name":"Daylight Saving Time starts"},{"date":"2019-04-19","name":"Good Friday"},{"date":"2019-04-20","name":"Holy Saturday"},{"date":"2019-04-21","name":"Easter Sunday"},{"date":"2019-04-22","name":"Easter Monday"},{"date":"2019-04-23","name":"St George's Feast"},{"date":"2019-05-01","name":"Feast of St Joseph the Worker"},{"date":"2019-06-29","name":"The Feasts of Saints Peter and Paul"},{"date":"2019-08-15","name":"Day of the Assumption of Mary"},{"date":"2019-10-27","name":"Daylight Saving Time ends"},{"date":"2019-11-01","name":"All Saints' Day"},{"date":"2019-12-08","name":"Feast of the Immaculate Conception"},{"date":"2019-12-24","name":"Christmas Eve"},{"date":"2019-12-25","name":"Christmas Day"},{"date":"2019-12-26","name":"St Stephen's Day"},{"date":"2019-12-31","name":"New Year's Eve"},{"date":"2019-05-30","name":"Ascension Day"},{"date":"2019-06-20","name":"Corpus Domini"},{"date":"2019-08-16","name":"Assumption Day Holiday"},{"date":"2019-11-02","name":"All Souls' Day"}]},{"year":2020,"holidays":[{"date":"2020-01-01","name":"New Year's Day"},{"date":"2020-01-06","name":"Epiphany"},{"date":"2020-02-11","name":"Anniversary of the foundation of Vatican City"},{"date":"2020-03-13","name":"Anniversary of the election of Pope Francis"},{"date":"2020-03-19","name":"St Joseph's Day"},{"date":"2020-03-29","name":"Daylight Saving Time starts"},{"date":"2020-04-10","name":"Good Friday"},{"date":"2020-04-11","name":"Holy Saturday"},{"date":"2020-04-12","name":"Easter Sunday"},{"date":"2020-04-13","name":"Easter Monday"},{"date":"2020-04-23","name":"St George's Feast"},{"date":"2020-05-01","name":"Feast of St Joseph the Worker"},{"date":"2020-06-29","name":"The Feasts of Saints Peter and Paul"},{"date":"2020-08-15","name":"Day of the Assumption of Mary"},{"date":"2020-10-25","name":"Daylight Saving Time ends"},{"date":"2020-11-01","name":"All Saints' Day"},{"date":"2020-12-08","name":"Feast of the Immaculate Conception"},{"date":"2020-12-24","name":"Christmas Eve"},{"date":"2020-12-25","name":"Christmas Day"},{"date":"2020-12-26","name":"St Stephen's Day"},{"date":"2020-12-31","name":"New Year's Eve"},{"date":"2020-05-21","name":"Ascension Day"},{"date":"2020-06-11","name":"Corpus Domini"},{"date":"2020-08-16","name":"Assumption Day Holiday"},{"date":"2020-11-02","name":"All Souls' Day"}]},{"year":2021,"holidays":[{"date":"2021-01-01","name":"New Year's Day"},{"date":"2021-01-06","name":"Epiphany"},{"date":"2021-02-11","name":"Anniversary of the foundation of Vatican City"},{"date":"2021-03-13","name":"Anniversary of the election of Pope Francis"},{"date":"2021-03-19","name":"St Joseph's Day"},{"date":"2021-03-28","name":"Daylight Saving Time starts"},{"date":"2021-04-02","name":"Good Friday"},{"date":"2021-04-03","name":"Holy Saturday"},{"date":"2021-04-04","name":"Easter Sunday"},{"date":"2021-04-05","name":"Easter Monday"},{"date":"2021-04-23","name":"St George's Feast"},{"date":"2021-05-01","name":"Feast of St Joseph the Worker"},{"date":"2021-06-29","name":"The Feasts of Saints Peter and Paul"},{"date":"2021-08-15","name":"Day of the Assumption of Mary"},{"date":"2021-10-31","name":"Daylight Saving Time ends"},{"date":"2021-11-01","name":"All Saints' Day"},{"date":"2021-12-08","name":"Feast of the Immaculate Conception"},{"date":"2021-12-24","name":"Christmas Eve"},{"date":"2021-12-25","name":"Christmas Day"},{"date":"2021-12-26","name":"St Stephen's Day"},{"date":"2021-12-31","name":"New Year's Eve"},{"date":"2021-05-13","name":"Ascension Day"},{"date":"2021-06-03","name":"Corpus Domini"},{"date":"2021-08-16","name":"Assumption Day Holiday"},{"date":"2021-11-02","name":"All Souls' Day"}]}]}]}