{"country_code":"VI","name":"U.S. Virgin Islands","timezones":["America\/St_Thomas"],"location":{"lat":18.35,"lng":-64.933333},"google_calendar":[{"locale":"en","calendar":"en.vi#holiday@group.v.calendar.google.com","years":[{"year":2019,"holidays":[{"date":"2019-01-01","name":"New Year"},{"date":"2019-01-06","name":"Three Kings Day"},{"date":"2019-01-21","name":"Martin Luther King Jr. Day"},{"date":"2019-02-18","name":"President's Day"},{"date":"2019-03-31","name":"Transfer Day"},{"date":"2019-04-01","name":"April Fool's Day"},{"date":"2019-04-19","name":"Good Friday"},{"date":"2019-04-22","name":"Easter Monday"},{"date":"2019-05-12","name":"Mother's Day"},{"date":"2019-05-27","name":"Memorial Day"},{"date":"2019-06-16","name":"Father's Day"},{"date":"2019-07-03","name":"Emancipation Day"},{"date":"2019-07-04","name":"American Independence Day"},{"date":"2019-07-29","name":"Hurricane Supplication Day"},{"date":"2019-09-02","name":"Labor Day"},{"date":"2019-10-25","name":"Hurricane Thanksgiving"},{"date":"2019-11-01","name":"Liberty Day"},{"date":"2019-11-28","name":"Thanksgiving Day"},{"date":"2019-12-25","name":"Christmas Day"},{"date":"2019-12-31","name":"New Year's Eve"},{"date":"2019-04-18","name":"Holy Thursday"},{"date":"2019-04-21","name":"Easter Sunday"},{"date":"2019-10-14","name":"Puerto Rico Friendship Day (Columbus Day)"},{"date":"2019-11-11","name":"Veterans Day"},{"date":"2019-12-26","name":"Christmas Second Day"}]},{"year":2020,"holidays":[{"date":"2020-01-01","name":"New Year"},{"date":"2020-01-06","name":"Three Kings Day"},{"date":"2020-01-20","name":"Martin Luther King Jr. Day"},{"date":"2020-02-17","name":"President's Day"},{"date":"2020-03-31","name":"Transfer Day"},{"date":"2020-04-01","name":"April Fool's Day"},{"date":"2020-04-10","name":"Good Friday"},{"date":"2020-04-13","name":"Easter Monday"},{"date":"2020-05-10","name":"Mother's Day"},{"date":"2020-05-25","name":"Memorial Day"},{"date":"2020-06-21","name":"Father's Day"},{"date":"2020-07-03","name":"Emancipation Day"},{"date":"2020-07-04","name":"American Independence Day"},{"date":"2020-07-27","name":"Hurricane Supplication Day"},{"date":"2020-09-07","name":"Labor Day"},{"date":"2020-10-25","name":"Hurricane Thanksgiving"},{"date":"2020-11-01","name":"Liberty Day"},{"date":"2020-11-26","name":"Thanksgiving Day"},{"date":"2020-12-25","name":"Christmas Day"},{"date":"2020-12-31","name":"New Year's Eve"},{"date":"2020-04-09","name":"Holy Thursday"},{"date":"2020-04-12","name":"Easter Sunday"},{"date":"2020-10-12","name":"Puerto Rico Friendship Day (Columbus Day)"},{"date":"2020-11-11","name":"Veterans Day"},{"date":"2020-12-26","name":"Christmas Second Day"}]},{"year":2021,"holidays":[{"date":"2021-01-01","name":"New Year"},{"date":"2021-01-06","name":"Three Kings Day"},{"date":"2021-01-18","name":"Martin Luther King Jr. Day"},{"date":"2021-02-15","name":"President's Day"},{"date":"2021-03-31","name":"Transfer Day"},{"date":"2021-04-01","name":"April Fool's Day"},{"date":"2021-04-02","name":"Good Friday"},{"date":"2021-04-05","name":"Easter Monday"},{"date":"2021-05-09","name":"Mother's Day"},{"date":"2021-05-31","name":"Memorial Day"},{"date":"2021-06-20","name":"Father's Day"},{"date":"2021-07-03","name":"Emancipation Day"},{"date":"2021-07-04","name":"American Independence Day"},{"date":"2021-07-26","name":"Hurricane Supplication Day"},{"date":"2021-09-06","name":"Labor Day"},{"date":"2021-10-25","name":"Hurricane Thanksgiving"},{"date":"2021-11-01","name":"Liberty Day"},{"date":"2021-11-25","name":"Thanksgiving Day"},{"date":"2021-12-25","name":"Christmas Day"},{"date":"2021-12-31","name":"New Year's Eve"},{"date":"2021-04-01","name":"Holy Thursday"},{"date":"2021-04-04","name":"Easter Sunday"},{"date":"2021-10-11","name":"Puerto Rico Friendship Day (Columbus Day)"},{"date":"2021-11-11","name":"Veterans Day"},{"date":"2021-12-26","name":"Christmas Second Day"}]}]}]}