{"country_code":"ZM","name":"Zambia","timezones":["Africa\/Lusaka"],"location":{"lat":-15,"lng":30},"google_calendar":[{"locale":"en","calendar":"en.zm#holiday@group.v.calendar.google.com","years":[{"year":2019,"holidays":[{"date":"2019-01-01","name":"New Year"},{"date":"2019-03-08","name":"International Women's Day"},{"date":"2019-03-12","name":"Youth Day"},{"date":"2019-04-19","name":"Good Friday"},{"date":"2019-04-22","name":"Easter Monday"},{"date":"2019-05-12","name":"Mother's Day"},{"date":"2019-05-25","name":"Africa Freedom Day"},{"date":"2019-06-16","name":"Father's Day"},{"date":"2019-07-02","name":"Unity Day"},{"date":"2019-10-24","name":"Independence Day"},{"date":"2019-12-25","name":"Christmas Day"},{"date":"2019-05-01","name":"Labour Day"},{"date":"2019-07-01","name":"Heroes' Day"},{"date":"2019-08-05","name":"Farmers' Day"},{"date":"2019-10-18","name":"Prayer Day"},{"date":"2019-04-20","name":"Holy Saturday"},{"date":"2019-04-21","name":"Easter Sunday"},{"date":"2019-10-25","name":"Independence Day Holiday"}]},{"year":2020,"holidays":[{"date":"2020-01-01","name":"New Year"},{"date":"2020-03-08","name":"International Women's Day"},{"date":"2020-03-12","name":"Youth Day"},{"date":"2020-04-10","name":"Good Friday"},{"date":"2020-04-13","name":"Easter Monday"},{"date":"2020-05-10","name":"Mother's Day"},{"date":"2020-05-25","name":"Africa Freedom Day"},{"date":"2020-06-21","name":"Father's Day"},{"date":"2020-07-07","name":"Unity Day"},{"date":"2020-10-24","name":"Independence Day"},{"date":"2020-12-25","name":"Christmas Day"},{"date":"2020-05-01","name":"Labour Day"},{"date":"2020-07-06","name":"Heroes' Day"},{"date":"2020-08-03","name":"Farmers' Day"},{"date":"2020-10-18","name":"Prayer Day"},{"date":"2020-03-09","name":"Day off for International Women's Day"},{"date":"2020-04-11","name":"Holy Saturday"},{"date":"2020-04-12","name":"Easter Sunday"}]},{"year":2021,"holidays":[{"date":"2021-01-01","name":"New Year"},{"date":"2021-03-08","name":"International Women's Day"},{"date":"2021-03-12","name":"Youth Day"},{"date":"2021-04-02","name":"Good Friday"},{"date":"2021-04-05","name":"Easter Monday"},{"date":"2021-05-09","name":"Mother's Day"},{"date":"2021-05-25","name":"Africa Freedom Day"},{"date":"2021-06-20","name":"Father's Day"},{"date":"2021-07-06","name":"Unity Day"},{"date":"2021-10-24","name":"Independence Day"},{"date":"2021-12-25","name":"Christmas Day"},{"date":"2021-05-01","name":"Labour Day"},{"date":"2021-07-05","name":"Heroes' Day"},{"date":"2021-08-02","name":"Farmers' Day"},{"date":"2021-04-03","name":"Holy Saturday"},{"date":"2021-04-04","name":"Easter Sunday"},{"date":"2021-10-18","name":"Prayer Day"},{"date":"2021-10-25","name":"Day off for Independence Day"}]}]}]}